distance,rpm,angle
0.16357775347928613,100.0,1.5707963267948966
0.1694257303230085,101.01010101010101,1.5707963267948966
0.17484566363314366,102.02020202020202,1.5707963267948966
0.1809251286577983,103.03030303030303,1.5707963267948966
0.1871149730054359,104.04040404040404,1.5707963267948966
0.19341416727515667,105.05050505050505,1.5707963267948966
0.19930019184341285,106.06060606060606,1.5707963267948966
0.2058282856128014,107.07070707070707,1.5707963267948966
0.21246325606309796,108.08080808080808,1.5707963267948966
0.21869635866090426,109.0909090909091,1.5707963267948966
0.22555734000781544,110.1010101010101,1.5707963267948966
0.23252209107152683,111.11111111111111,1.5707963267948966
0.23910229176971487,112.12121212121212,1.5707963267948966
0.24628906532717357,113.13131313131314,1.5707963267948966
0.25357587627680267,114.14141414141415,1.5707963267948966
0.2605019253145627,115.15151515151516,1.5707963267948966
0.26800568285837484,116.16161616161617,1.5707963267948966
0.2751571617631285,117.17171717171718,1.5707963267948966
0.2828745171496177,118.18181818181819,1.5707963267948966
0.2902505173656899,119.1919191919192,1.5707963267948966
0.29817769339929984,120.20202020202021,1.5707963267948966
0.30577699365539296,121.21212121212122,1.5707963267948966
0.3139097901976422,122.22222222222223,1.5707963267948966
0.3217308593347449,123.23232323232324,1.5707963267948966
0.3300646596647426,124.24242424242425,1.5707963267948966
0.3381056600200008,125.25252525252526,1.5707963267948966
0.34663543803354124,126.26262626262627,1.5707963267948966
0.3548942293639857,127.27272727272728,1.5707963267948966
0.36361455755887895,128.2828282828283,1.5707963267948966
0.36908502775972685,100.0,1.5549296972313118
0.3720887014929995,129.2929292929293,1.5707963267948966
0.3772143887091089,101.01010101010101,1.5549296972313118
0.3809937596952429,130.3030303030303,1.5707963267948966
0.38719443035039447,102.02020202020202,1.5549296972313118
0.38968052468903547,131.31313131313132,1.5707963267948966
0.3973007317460111,103.03030303030303,1.5549296972313118
0.39847024559035027,132.32323232323233,1.5707963267948966
0.4075316336107625,104.04040404040404,1.5549296972313118
0.4076604762508254,133.33333333333334,1.5707963267948966
0.4161681028181403,105.05050505050505,1.5549296972313118
0.41665876233067567,134.34343434343435,1.5707963267948966
0.4260186784666852,135.35353535353536,1.5707963267948966
0.4266534436009035,106.06060606060606,1.5549296972313118
0.43522211157885793,136.36363636363637,1.5707963267948966
0.4372592428589306,107.07070707070707,1.5549296972313118
0.4445258745675108,137.37373737373738,1.5707963267948966
0.4479835396080548,108.08080808080808,1.5549296972313118
0.4541495045362192,138.3838383838384,1.5707963267948966
0.4571228787793088,109.0909090909091,1.5549296972313118
0.4636534086127136,139.3939393939394,1.5707963267948966
0.46809316784509875,110.1010101010101,1.5549296972313118
0.4732558270590012,140.40404040404042,1.5707963267948966
0.47917699168304295,111.11111111111111,1.5549296972313118
0.483129516040448,141.41414141414143,1.5707963267948966
0.48868425388524844,112.12121212121212,1.5549296972313118
0.49292653648730594,142.42424242424244,1.5707963267948966
0.5000069876674331,113.13131313131314,1.5549296972313118
0.5028200368765977,143.43434343434345,1.5707963267948966
0.5097512579504543,114.14141414141415,1.5549296972313118
0.5129291356619582,144.44444444444446,1.5707963267948966
0.5213083305522703,115.15151515151516,1.5549296972313118
0.5230111852215953,145.45454545454547,1.5707963267948966
0.532969854665383,116.16161616161617,1.5549296972313118
0.5331874690206095,146.46464646464648,1.5707963267948966
0.5430743651939124,117.17171717171718,1.5549296972313118
0.5435163795869188,147.4747474747475,1.5707963267948966
0.5538746665928245,148.4848484848485,1.5707963267948966
0.5549614859690207,118.18181818181819,1.5549296972313118
0.5643247389489217,149.49494949494948,1.5707963267948966
0.5652977394802454,119.1919191919192,1.5549296972313118
0.5712929815982577,100.0,1.539063067667727
0.574865897383978,150.50505050505052,1.5707963267948966
0.5774048477649194,120.20202020202021,1.5549296972313118
0.5851237873571659,101.01010101010101,1.539063067667727
0.5854820205302174,151.5151515151515,1.5707963267948966
0.5879704122682613,121.21212121212122,1.5549296972313118
0.5961962204419771,152.52525252525254,1.5707963267948966
0.5990975748240914,102.02020202020202,1.539063067667727
0.6002915062170647,122.22222222222223,1.5549296972313118
0.6069988074859993,153.53535353535352,1.5707963267948966
0.6110836627480443,123.23232323232324,1.5549296972313118
0.6132120424557782,103.03030303030303,1.539063067667727
0.6178890115570916,154.54545454545456,1.5707963267948966
0.6236123549454059,124.24242424242425,1.5549296972313118
0.6274648110040741,104.04040404040404,1.539063067667727
0.628764158129148,155.55555555555554,1.5707963267948966
0.634628101178785,125.25252525252526,1.5549296972313118
0.6389591793485232,105.05050505050505,1.539063067667727
0.6398176947335569,156.56565656565658,1.5707963267948966
0.6473576265473311,126.26262626262627,1.5549296972313118
0.6509559139303082,157.57575757575756,1.5707963267948966
0.6534898028639305,106.06060606060606,1.539063067667727
0.658593680939437,127.27272727272728,1.5549296972313118
0.6621779789245307,158.5858585858586,1.5707963267948966
0.6681526705024714,107.07070707070707,1.539063067667727
0.6715169053958856,128.2828282828283,1.5549296972313118
0.6734830385649532,159.59595959595958,1.5707963267948966
0.6800441062632259,108.08080808080808,1.539063067667727
0.6829697118337522,129.2929292929293,1.5549296972313118
0.6846571890076092,160.60606060606062,1.5707963267948966
0.6945253541829998,130.3030303030303,1.5549296972313118
0.6949759660450994,109.0909090909091,1.539063067667727
0.6961128708339287,161.6161616161616,1.5707963267948966
0.7076483444798941,162.62626262626264,1.5707963267948966
0.7077448745868228,131.31313131313132,1.5549296972313118
0.7100334431786142,110.1010101010101,1.539063067667727
0.7192626973358484,163.63636363636363,1.5707963267948966
0.7195121073516226,132.32323232323233,1.5549296972313118
0.7223155782455967,111.11111111111111,1.539063067667727
0.7309550035927485,164.64646464646466,1.5707963267948966
0.7329072364679112,133.33333333333334,1.5549296972313118
0.7376322045250717,112.12121212121212,1.539063067667727
0.7427243244516989,165.65656565656565,1.5707963267948966
0.7448818610452336,134.34343434343435,1.5549296972313118
0.753067264720443,113.13131313131314,1.539063067667727
0.7542104450513316,166.66666666666669,1.5707963267948966
0.7569560023792048,135.35353535353536,1.5549296972313118
0.765732616575107,114.14141414141415,1.539063067667727
0.7661142039504883,167.67676767676767,1.5707963267948966
0.7706218302213923,136.36363636363637,1.5549296972313118
0.7746839360544931,100.0,1.5231964381041423
0.7780914863884122,168.6868686868687,1.5707963267948966
0.7814160219583859,115.15151515151516,1.539063067667727
0.7828973137142519,137.37373737373738,1.5549296972313118
0.7901412984582401,169.6969696969697,1.5707963267948966
0.7924718266540866,101.01010101010101,1.5231964381041423
0.794325237979605,116.16161616161617,1.539063067667727
0.7967186573287246,138.3838383838384,1.5549296972313118
0.8022626344476069,170.70707070707073,1.5707963267948966
0.8091906763538246,139.3939393939394,1.5549296972313118
0.8102501213026357,117.17171717171718,1.539063067667727
0.8104172842419334,102.02020202020202,1.5231964381041423
0.8144544770513672,171.7171717171717,1.5707963267948966
0.8217582774396343,140.40404040404042,1.5549296972313118
0.8233999777189945,118.18181818181819,1.539063067667727
0.8267157975845527,172.72727272727275,1.5707963267948966
0.8285172793562634,103.03030303030303,1.5231964381041423
0.8358219398672322,141.41414141414143,1.5549296972313118
0.8390455561954914,173.73737373737373,1.5707963267948966
0.8395590989041302,119.1919191919192,1.539063067667727
0.8427003166948618,104.04040404040404,1.5231964381041423
0.8485791896204908,142.42424242424244,1.5549296972313118
0.8514427020790596,174.74747474747477,1.5707963267948966
0.8529461033551899,120.20202020202021,1.539063067667727
0.86110528184468,105.05050505050505,1.5231964381041423
0.861429483304799,143.43434343434345,1.5549296972313118
0.8633090121808181,175.75757575757575,1.5707963267948966
0.8693318561290215,121.21212121212122,1.539063067667727
0.874372107709575,144.44444444444446,1.5549296972313118
0.8758149762042037,176.7676767676768,1.5707963267948966
0.8796570013972655,106.06060606060606,1.5231964381041423
0.8858130786944777,122.22222222222223,1.539063067667727
0.8883844718658356,177.77777777777777,1.5707963267948966
0.8887505410899567,145.45454545454547,1.5549296972313118
0.8942642643274051,107.07070707070707,1.5231964381041423
0.8995566700030979,123.23232323232324,1.539063067667727
0.9010164026739875,178.7878787878788,1.5707963267948966
0.9018734454238962,146.46464646464648,1.5549296972313118
0.9131092135842266,108.08080808080808,1.5231964381041423
0.9134064346659111,124.24242424242425,1.539063067667727
0.9137096623817786,179.7979797979798,1.5707963267948966
0.9150858964066949,147.4747474747475,1.5549296972313118
0.9264631352002702,180.80808080808083,1.5707963267948966
0.9296657591157388,148.4848484848485,1.5549296972313118
0.9302212049624954,125.25252525252526,1.539063067667727
0.9320925938912987,109.0909090909091,1.5231964381041423
0.9392756960113479,181.8181818181818,1.5707963267948966
0.9430505635290345,149.49494949494948,1.5549296972313118
0.9442960617993212,126.26262626262627,1.539063067667727
0.9471146384175867,110.1010101010101,1.5231964381041423
0.9521462105803263,182.82828282828285,1.5707963267948966
0.9565219490939953,150.50505050505052,1.5549296972313118
0.9613125258552921,127.27272727272728,1.539063067667727
0.9650735357681972,183.83838383838383,1.5707963267948966
0.9663785853806581,111.11111111111111,1.5231964381041423
0.970079081393601,151.5151515151515,1.5549296972313118
0.9756079435172008,128.2828282828283,1.539063067667727
0.9774192812850978,100.0,1.5073298085405573
0.978056519743548,184.84848484848487,1.5707963267948966
0.984919230678974,152.52525252525254,1.5549296972313118
0.9857721151710984,112.12121212121212,1.5231964381041423
0.9910940021940516,185.85858585858585,1.5707963267948966
0.9928171121352156,129.2929292929293,1.539063067667727
0.9986380683366642,153.53535353535352,1.5549296972313118
0.9991393575140234,101.01010101010101,1.5073298085405573
1.001198460977108,113.13131313131314,1.5231964381041423
1.0041848145375065,186.8686868686869,1.5707963267948966
1.0073283109095497,130.3030303030303,1.539063067667727
1.0124394649565356,154.54545454545456,1.5549296972313118
1.0173277801323668,187.87878787878788,1.5707963267948966
1.0208589935904016,114.14141414141415,1.5231964381041423
1.0210309852207569,102.02020202020202,1.5073298085405573
1.0247208731857902,131.31313131313132,1.539063067667727
1.026322523163812,155.55555555555554,1.5549296972313118
1.0305217144877579,188.8888888888889,1.5707963267948966
1.036539924727058,115.15151515151516,1.5231964381041423
1.0378627676599097,103.03030303030303,1.5073298085405573
1.039442830491413,132.32323232323233,1.539063067667727
1.0402863320222702,156.56565656565658,1.5549296972313118
1.0437654254728925,189.8989898989899,1.5707963267948966
1.0542639043065338,133.33333333333334,1.539063067667727
1.0554236509005888,157.57575757575756,1.5549296972313118
1.056458898180966,116.16161616161617,1.5231964381041423
1.057057713525881,190.90909090909093,1.5707963267948966
1.0600877569760854,104.04040404040404,1.5073298085405573
1.069535374062822,158.5858585858586,1.5549296972313118
1.0703973718618625,191.91919191919192,1.5707963267948966
1.0719366210235017,134.34343434343435,1.539063067667727
1.076492225011563,117.17171717171718,1.5231964381041423
1.0824747584908272,105.05050505050505,1.5073298085405573
1.083724406681141,159.59595959595958,1.5549296972313118
1.0837831866804573,192.92929292929296,1.5707963267948966
1.0869612997285982,135.35353535353536,1.539063067667727
1.0925585852494348,118.18181818181819,1.5231964381041423
1.0972139373724425,193.93939393939394,1.5707963267948966
1.097989779740631,160.60606060606062,1.5549296972313118
1.0997593102320329,106.06060606060606,1.5073298085405573
1.1047942713072536,136.36363636363637,1.539063067667727
1.1106883967256798,194.94949494949498,1.5707963267948966
1.1123305117399465,161.6161616161616,1.5549296972313118
1.1128353752293316,119.1919191919192,1.5231964381041423
1.120016969126938,137.37373737373738,1.539063067667727
1.122464999973877,107.07070707070707,1.5073298085405573
1.1242053311302074,195.95959595959596,1.5707963267948966
1.1277140680192097,162.62626262626264,1.5549296972313118
1.1291442252893753,120.20202020202021,1.5231964381041423
1.1353341581575291,138.3838383838384,1.539063067667727
1.1377635007824618,196.96969696969697,1.5707963267948966
1.1421880142020966,163.63636363636363,1.5549296972313118
1.1453226519933617,108.08080808080808,1.5073298085405573
1.14965504196951,121.21212121212122,1.5231964381041423
1.1513616598886238,197.97979797979798,1.5707963267948966
1.153414768627687,139.3939393939394,1.539063067667727
1.156733646736431,164.64646464646466,1.5549296972313118
1.1630473810824893,109.0909090909091,1.5073298085405573
1.1649985568670007,198.989898989899,1.5707963267948966
1.1662014137693968,122.22222222222223,1.5231964381041423
1.1689220489941743,140.40404040404042,1.539063067667727
1.1713499311156192,165.65656565656565,1.5549296972313118
1.1786729345494689,200.0,1.5707963267948966
1.1793939273959984,100.0,1.4914631789769726
1.1845209061063149,141.41414141414143,1.539063067667727
1.1860358214571551,166.66666666666669,1.5549296972313118
1.186208182898357,110.1010101010101,1.5073298085405573
1.1869364950874977,123.23232323232324,1.5231964381041423
1.198652073105511,101.01010101010101,1.4914631789769726
1.2007902607021994,167.67676767676767,1.5549296972313118
1.2028293305920759,142.42424242424244,1.539063067667727
1.2037151831886874,124.24242424242425,1.5231964381041423
1.209510403988247,111.11111111111111,1.5073298085405573
1.2156121808157767,168.6868686868687,1.5549296972313118
1.21860992165074,143.43434343434345,1.539063067667727
1.2244569147129203,102.02020202020202,1.4914631789769726
1.2246644504293123,125.25252525252526,1.5231964381041423
1.227661761367824,112.12121212121212,1.5073298085405573
1.2312850338300285,169.6969696969697,1.5549296972313118
1.2344789985643267,144.44444444444446,1.539063067667727
1.241670016348893,126.26262626262627,1.5231964381041423
1.2462189765225165,170.70707070707073,1.5549296972313118
1.2504357027693132,145.45454545454547,1.539063067667727
1.250444302182475,103.03030303030303,1.4914631789769726
1.2512507536923894,113.13131313131314,1.5073298085405573
1.2612164463528748,171.7171717171717,1.5549296972313118
1.2628230837912091,127.27272727272728,1.5231964381041423
1.2690366746162174,146.46464646464648,1.539063067667727
1.2749701500139832,114.14141414141415,1.5073298085405573
1.276276329365314,172.72727272727275,1.5549296972313118
1.2766096935396478,104.04040404040404,1.4914631789769726
1.2800498607873532,128.2828282828283,1.5231964381041423
1.2851639438443379,147.4747474747475,1.539063067667727
1.2913975017684058,173.73737373737373,1.5549296972313118
1.293533644325755,115.15151515151516,1.5073298085405573
1.2965310109053116,105.05050505050505,1.4914631789769726
1.2973779251076278,129.2929292929293,1.5231964381041423
1.3013755323775789,148.4848484848485,1.539063067667727
1.3065788301383714,174.74747474747477,1.5549296972313118
1.3175226234946267,116.16161616161617,1.5073298085405573
1.3188381443131607,130.3030303030303,1.5231964381041423
1.3201565244057798,149.49494949494948,1.539063067667727
1.321819171622591,175.75757575757575,1.5549296972313118
1.3230417566644703,106.06060606060606,1.4914631789769726
1.3363429893577672,117.17171717171718,1.5073298085405573
1.3363794086819114,131.31313131313132,1.5231964381041423
1.3365294076025342,150.50505050505052,1.539063067667727
1.3371173741433255,176.7676767676768,1.5549296972313118
1.3497187018219319,107.07070707070707,1.4914631789769726
1.352472276601534,177.77777777777777,1.5549296972313118
1.3529831429228303,151.5151515151515,1.539063067667727
1.3580177915842429,132.32323232323233,1.5231964381041423
1.3605907611572177,118.18181818181819,1.5073298085405573
1.3678827090808174,178.7878787878788,1.5549296972313118
1.3695167651678852,152.52525252525254,1.539063067667727
1.3701069145046323,108.08080808080808,1.4914631789769726
1.3730237284084805,100.0,1.4755965494133878
1.3757660594955878,133.33333333333334,1.5231964381041423
1.379662166445986,119.1919191919192,1.5073298085405573
1.3833474930513643,179.7979797979798,1.5549296972313118
1.3861292965092338,153.53535353535352,1.539063067667727
1.393610467835568,134.34343434343435,1.5231964381041423
1.3971107481202774,109.0909090909091,1.4914631789769726
1.3988654415738935,180.80808080808083,1.5549296972313118
1.4025130860770412,101.01010101010101,1.4755965494133878
1.4041576346099502,120.20202020202021,1.5073298085405573
1.4052099531571967,154.54545454545456,1.539063067667727
1.4148632974478308,181.8181818181818,1.5549296972313118
1.4155201075055415,135.35353535353536,1.5231964381041423
1.4219688105738622,155.55555555555554,1.539063067667727
1.423474028647585,121.21212121212122,1.5073298085405573
1.4242685154253594,110.1010101010101,1.4914631789769726
1.430455357713019,182.82828282828285,1.5549296972313118
1.432202374089504,102.02020202020202,1.4755965494133878
1.4335627809074518,136.36363636363637,1.5231964381041423
1.4388028736336262,156.56565656565658,1.539063067667727
1.4451069377941925,111.11111111111111,1.4914631789769726
1.44609625047699,183.83838383838383,1.5549296972313118
1.448205799486056,122.22222222222223,1.5073298085405573
1.4556233221480477,137.37373737373738,1.5231964381041423
1.4557111103519431,157.57575757575756,1.539063067667727
1.461784754818853,184.84848484848487,1.5549296972313118
1.4620863808002684,103.03030303030303,1.4755965494133878
1.4677609168498493,123.23232323232324,1.5073298085405573
1.4725723487173463,112.12121212121212,1.4914631789769726
1.4738575684554536,138.3838383838384,1.5231964381041423
1.474976011958289,158.5858585858586,1.539063067667727
1.477519642556193,185.85858585858585,1.5549296972313118
1.484602191657851,104.04040404040404,1.4755965494133878
1.4920175966566764,159.59595959595958,1.539063067667727
1.492182307984092,139.3939393939394,1.5231964381041423
1.4927173085719745,124.24242424242425,1.5073298085405573
1.4932996784475148,186.8686868686869,1.5549296972313118
1.5001789894162756,113.13131313131314,1.4914631789769726
1.5091236203942624,187.87878787878788,1.5549296972313118
1.5091294745661006,160.60606060606062,1.539063067667727
1.512504673373602,125.25252525252526,1.5073298085405573
1.5144759660438265,140.40404040404042,1.5231964381041423
1.5148594174425998,105.05050505050505,1.4755965494133878
1.5214500759759506,114.14141414141415,1.4914631789769726
1.524990219642411,188.8888888888889,1.5549296972313118
1.526310563424544,161.6161616161616,1.539063067667727
1.532982861933755,141.41414141414143,1.5231964381041423
1.5376737260745261,126.26262626262627,1.5073298085405573
1.5408982209835367,189.8989898989899,1.5549296972313118
1.5435597701671864,162.62626262626264,1.539063067667727
1.545297776403567,106.06060606060606,1.4755965494133878
1.5493443698447897,115.15151515151516,1.4914631789769726
1.5515767764888317,142.42424242424244,1.5231964381041423
1.5568463629553662,190.90909090909093,1.5549296972313118
1.5576866566988257,127.27272727272728,1.5073298085405573
1.5608759911098025,163.63636363636363,1.539063067667727
1.568308533945919,107.07070707070707,1.4755965494133878
1.5702567538100407,143.43434343434345,1.5231964381041423
1.5708827081100747,116.16161616161617,1.4914631789769726
1.5720781905725048,100.0,1.4597299198498028
1.5728333780417407,191.91919191919192,1.5549296972313118
1.5803880179384089,164.64646464646466,1.539063067667727
1.583056142973956,128.2828282828283,1.5073298085405573
1.5888579928719224,192.92929292929296,1.5549296972313118
1.5928468811379237,144.44444444444446,1.5231964381041423
1.5978181762748056,165.65656565656565,1.539063067667727
1.5990521450210606,117.17171717171718,1.4914631789769726
1.5990986688616486,108.08080808080808,1.4755965494133878
1.603287757257774,129.2929292929293,1.5073298085405573
1.604918928419268,193.93939393939394,1.5549296972313118
1.6054063759848074,101.01010101010101,1.4597299198498028
1.6116965531574352,145.45454545454547,1.5231964381041423
1.6153112356590622,166.66666666666669,1.539063067667727
1.6208507712641538,118.18181818181819,1.4914631789769726
1.6210149001991325,194.94949494949498,1.5549296972313118
1.6236181681622894,130.3030303030303,1.5073298085405573
1.630055922227247,109.0909090909091,1.4755965494133878
1.6302733777154186,102.02020202020202,1.4597299198498028
1.630628616478146,146.46464646464648,1.5231964381041423
1.6328660478821462,167.67676767676767,1.539063067667727
1.6371446184660485,195.95959595959596,1.5549296972313118
1.649282563375593,119.1919191919192,1.4914631789769726
1.6492884142369593,131.31313131313132,1.5073298085405573
1.650481455178997,168.6868686868687,1.539063067667727
1.6533067884100963,196.96969696969697,1.5549296972313118
1.653398823565172,147.4747474747475,1.5231964381041423
1.653541738811574,110.1010101010101,1.4755965494133878
1.6640131891805887,103.03030303030303,1.4597299198498028
1.6681562904181237,169.6969696969697,1.539063067667727
1.6695001103524043,197.97979797979798,1.5549296972313118
1.669827854560008,132.32323232323233,1.5073298085405573
1.6713343185293383,120.20202020202021,1.4914631789769726
1.672490335888108,148.4848484848485,1.5231964381041423
1.6848286080284542,111.11111111111111,1.4755965494133878
1.6858815637127222,198.989898989899,1.5549296972313118
1.6858893772919716,170.70707070707073,1.539063067667727
1.6916604237740365,149.49494949494948,1.5231964381041423
1.6956686333259843,133.33333333333334,1.5073298085405573
1.6979558007784459,104.04040404040404,1.4597299198498028
1.7000154093380744,121.21212121212122,1.4914631789769726
1.7021744203083242,200.0,1.5549296972313118
1.703679530507897,171.7171717171717,1.539063067667727
1.7109080348335226,150.50505050505052,1.5231964381041423
1.7162681771108128,112.12121212121212,1.4755965494133878
1.7164097593911258,134.34343434343435,1.5073298085405573
1.7215255559797897,172.72727272727275,1.539063067667727
1.7223129428152986,122.22222222222223,1.4914631789769726
1.7233559694882743,105.05050505050505,1.4597299198498028
1.73390525881968,151.5151515151515,1.5231964381041423
1.7372434723204686,135.35353535353536,1.5073298085405573
1.7402083891727567,113.13131313131314,1.4755965494133878
1.7413022672101595,173.73737373737373,1.539063067667727
1.751230016875917,123.23232323232324,1.4914631789769726
1.7532988462306243,152.52525252525254,1.5231964381041423
1.7576859937984073,106.06060606060606,1.4597299198498028
1.7592323924656164,174.74747474747477,1.539063067667727
1.7603557055190846,100.0,1.443863290286218
1.7633432931206614,136.36363636363637,1.5073298085405573
1.771954733505901,114.14141414141415,1.4755965494133878
1.7727659656864148,153.53535353535352,1.5231964381041423
1.7737657908420725,124.24242424242425,1.4914631789769726
1.7772139886823703,175.75757575757575,1.539063067667727
1.7843684075113568,137.37373737373738,1.5073298085405573
1.7922031716373164,107.07070707070707,1.4597299198498028
1.7923055151286231,154.54545454545456,1.5231964381041423
1.7952458258837902,176.7676767676768,1.539063067667727
1.796173316834365,115.15151515151516,1.4755965494133878
1.797474165344159,101.01010101010101,1.443863290286218
1.8029052841212156,125.25252525252526,1.4914631789769726
1.8054823289049657,138.3838383838384,1.5073298085405573
1.8119163818209676,155.55555555555554,1.5231964381041423
1.8133266663965983,177.77777777777777,1.539063067667727
1.8256715782063164,126.26262626262627,1.4914631789769726
1.8269013175683604,108.08080808080808,1.4597299198498028
1.8282121757407266,116.16161616161617,1.4755965494133878
1.8314552650447735,178.7878787878788,1.539063067667727
1.8318162237850004,139.3939393939394,1.5073298085405573
1.834819079695141,102.02020202020202,1.443863290286218
1.835160672517286,156.56565656565658,1.5231964381041423
1.8496303693436336,179.7979797979798,1.539063067667727
1.8527010095374743,117.17171717171718,1.4755965494133878
1.8529933342818228,109.0909090909091,1.4597299198498028
1.8531109154763727,140.40404040404042,1.5073298085405573
1.854900491793362,157.57575757575756,1.5231964381041423
1.8550196890377935,127.27272727272728,1.4914631789769726
1.867850719694026,180.80808080808083,1.539063067667727
1.8723837798894605,103.03030303030303,1.443863290286218
1.8744904929015451,141.41414141414143,1.5073298085405573
1.8747074394247043,158.5858585858586,1.5231964381041423
1.8780086054715595,128.2828282828283,1.4914631789769726
1.885017873519404,118.18181818181819,1.4755965494133878
1.8861150495765415,181.8181818181818,1.539063067667727
1.888044167134201,110.1010101010101,1.4597299198498028
1.8945803573363706,159.59595959595958,1.5231964381041423
1.90030815965331,104.04040404040404,1.443863290286218
1.9010328710008393,142.42424242424244,1.5073298085405573
1.904422085745759,182.82828282828285,1.539063067667727
1.9075513060753133,129.2929292929293,1.4914631789769726
1.9097686654420476,119.1919191919192,1.4755965494133878
1.9144413284036383,111.11111111111111,1.4597299198498028
1.914518077711158,160.60606060606062,1.5231964381041423
1.92258225853202,143.43434343434345,1.5073298085405573
1.9227705484243904,183.83838383838383,1.539063067667727
1.93075477522768,130.3030303030303,1.4914631789769726
1.9379475100831678,161.6161616161616,1.5231964381041423
1.9382885862774808,105.05050505050505,1.443863290286218
1.9411591514973419,184.84848484848487,1.539063067667727
1.9423487856973904,120.20202020202021,1.4755965494133878
1.9442124754430654,144.44444444444446,1.5073298085405573
1.949829175267206,112.12121212121212,1.4597299198498028
1.9540539602034204,131.31313131313132,1.4914631789769726
1.9562033605674254,100.0,1.4279966607226333
1.9579964658891393,162.62626262626264,1.5231964381041423
1.9595866027056006,185.85858585858585,1.539063067667727
1.9673530757212234,121.21212121212122,1.4755965494133878
1.9709371697359572,145.45454545454547,1.5073298085405573
1.9764713422962037,106.06060606060606,1.443863290286218
1.9780516038398794,186.8686868686869,1.539063067667727
1.9781058576820165,163.63636363636363,1.5231964381041423
1.9838876100608795,132.32323232323233,1.4914631789769726
1.9853717683275185,113.13131313131314,1.4597299198498028
1.9861629059491817,101.01010101010101,1.4279966607226333
1.9927259265306827,146.46464646464648,1.5073298085405573
1.9965528509340353,187.87878787878788,1.539063067667727
1.9982744768656342,164.64646464646466,1.5231964381041423
2.0001814742892843,122.22222222222223,1.4755965494133878
2.0049346763070366,107.07070707070707,1.443863290286218
2.007390091141583,133.33333333333334,1.4914631789769726
2.0122313781717085,114.14141414141415,1.4597299198498028
2.014591328044297,147.4747474747475,1.5073298085405573
2.0150890344581076,188.8888888888889,1.539063067667727
2.018501106082907,165.65656565656565,1.5231964381041423
2.025430638995916,123.23232323232324,1.4755965494133878
2.0272709201946815,102.02020202020202,1.4279966607226333
2.0336588395110295,189.8989898989899,1.539063067667727
2.036532228881828,148.4848484848485,1.5073298085405573
2.037384271371808,134.34343434343435,1.4914631789769726
2.038784519390327,166.66666666666669,1.5231964381041423
2.0435052449341966,108.08080808080808,1.443863290286218
2.048084880741349,115.15151515151516,1.4597299198498028
2.0522609460128862,190.90909090909093,1.539063067667727
2.0584921195050288,124.24242424242425,1.4755965494133878
2.059123482433583,167.67676767676767,1.5231964381041423
2.0610815878004454,135.35353535353536,1.4914631789769726
2.063484025214932,149.49494949494948,1.5073298085405573
2.068612027070445,103.03030303030303,1.4279966607226333
2.0708940288967024,191.91919191919192,1.539063067667727
2.075225432602112,116.16161616161617,1.4597299198498028
2.08226033938299,109.0909090909091,1.443863290286218
2.0827444868437164,168.6868686868687,1.5231964381041423
2.0839773767867866,125.25252525252526,1.4755965494133878
2.084867376618107,136.36363636363637,1.4914631789769726
2.0855687453136365,150.50505050505052,1.5073298085405573
2.0895567582997088,192.92929292929296,1.539063067667727
2.103169747757368,169.6969696969697,1.5231964381041423
2.1077246245700025,151.5151515151515,1.5073298085405573
2.1082477997540354,193.93939393939394,1.539063067667727
2.1101787889994204,104.04040404040404,1.4279966607226333
2.1112357750250497,110.1010101010101,1.443863290286218
2.111373584737772,117.17171717171718,1.4597299198498028
2.1151051192453982,137.37373737373738,1.4914631789769726
2.1172565357714195,126.26262626262627,1.4755965494133878
2.123645981082815,170.70707070707073,1.5231964381041423
2.126965814376774,194.94949494949498,1.539063067667727
2.129950473632884,152.52525252525254,1.5073298085405573
2.1387856287988107,118.18181818181819,1.4597299198498028
2.1389050440618385,100.0,1.4121300311590486
2.1390739568451402,138.3838383838384,1.4914631789769726
2.1409427206271827,105.05050505050505,1.4279966607226333
2.1429689499381075,127.27272727272728,1.4755965494133878
2.144171918101394,171.7171717171717,1.5231964381041423
2.1457094590593737,195.95959595959596,1.539063067667727
2.1503502021034566,111.11111111111111,1.443863290286218
2.157085171878872,153.53535353535352,1.5073298085405573
2.1631269212126996,139.3939393939394,1.4914631789769726
2.1644773866563245,196.96969696969697,1.539063067667727
2.164746282708268,172.72727272727275,1.5231964381041423
2.1752119612260237,119.1919191919192,1.4597299198498028
2.176450188690721,128.2828282828283,1.4755965494133878
2.179439669316703,154.54545454545456,1.5073298085405573
2.179635106188388,112.12121212121212,1.443863290286218
2.1829357107601064,106.06060606060606,1.4279966607226333
2.1832682461730895,197.97979797979798,1.539063067667727
2.1834985376964924,101.01010101010101,1.4121300311590486
2.185367791593442,173.73737373737373,1.5231964381041423
2.193580111472876,140.40404040404042,1.4914631789769726
2.2018596530362466,155.55555555555554,1.5073298085405573
2.2020806829531936,198.989898989899,1.539063067667727
2.202380675963348,129.2929292929293,1.4755965494133878
2.202885904435208,120.20202020202021,1.4597299198498028
2.2060351544234074,174.74747474747477,1.5231964381041423
2.217804050132133,141.41414141414143,1.4914631789769726
2.2190911332720407,113.13131313131314,1.443863290286218
2.2209133388644826,200.0,1.539063067667727
2.224343892984978,156.56565656565658,1.5073298085405573
2.2251348641950672,107.07070707070707,1.4279966607226333
2.226747074023369,175.75757575757575,1.5231964381041423
2.228343010899012,102.02020202020202,1.4121300311590486
2.2284066201054182,130.3030303030303,1.4755965494133878
2.2395737491505674,121.21212121212122,1.4597299198498028
2.242107652434654,142.42424242424244,1.4914631789769726
2.246891150372036,157.57575757575756,1.5073298085405573
2.2475022465599808,176.7676767676768,1.5231964381041423
2.2564492812888046,108.08080808080808,1.4279966607226333
2.258702299918568,114.14141414141415,1.443863290286218
2.261332935394633,103.03030303030303,1.4121300311590486
2.262187547257597,131.31313131313132,1.4755965494133878
2.2674998595486153,122.22222222222223,1.4597299198498028
2.268299361724511,177.77777777777777,1.5231964381041423
2.272747676002419,143.43434343434345,1.4914631789769726
2.2742136345308905,158.5858585858586,1.5073298085405573
2.2884189419651544,132.32323232323233,1.4755965494133878
2.288454775161035,115.15151515151516,1.443863290286218
2.2891371029163943,178.7878787878788,1.5231964381041423
2.2968705881730966,159.59595959595958,1.5073298085405573
2.2972099081799207,144.44444444444446,1.4914631789769726
2.299043356329842,109.0909090909091,1.4279966607226333
2.304432360984664,123.23232323232324,1.4597299198498028
2.306645416847474,104.04040404040404,1.4121300311590486
2.3100141474271347,179.7979797979798,1.5231964381041423
2.318184214620359,100.0,1.3962634015954636
2.319585916646476,160.60606060606062,1.5073298085405573
2.321747229576299,145.45454545454547,1.4914631789769726
2.3223642501179227,133.33333333333334,1.4755965494133878
2.3283782361066487,116.16161616161617,1.443863290286218
2.3309291666244216,180.80808080808083,1.5231964381041423
2.332600772421443,124.24242424242425,1.4597299198498028
2.341823810146609,110.1010101010101,1.4279966607226333
2.3423583446276894,161.6161616161616,1.5073298085405573
2.346358395775133,146.46464646464648,1.4914631789769726
2.348791677991728,134.34343434343435,1.4755965494133878
2.3521876565233413,105.05050505050505,1.4121300311590486
2.3546836053301283,181.8181818181818,1.5231964381041423
2.3584124585548225,117.17171717171718,1.443863290286218
2.365186588943725,162.62626262626264,1.5073298085405573
2.3664435717803207,101.01010101010101,1.3962634015954636
2.369760899145044,125.25252525252526,1.4597299198498028
2.373658223566684,111.11111111111111,1.4279966607226333
2.3753064468767366,135.35353535353536,1.4755965494133878
2.3756381270031315,182.82828282828285,1.5231964381041423
2.377228376429048,147.4747474747475,1.4914631789769726
2.385770197456899,106.06060606060606,1.4121300311590486
2.3880693587291018,163.63636363636363,1.5073298085405573
2.396625759402431,183.83838383838383,1.5231964381041423
2.3981616163731885,126.26262626262627,1.4597299198498028
2.3986299968572338,118.18181818181819,1.443863290286218
2.401982142528745,148.4848484848485,1.4914631789769726
2.4094991008368436,136.36363636363637,1.4755965494133878
2.4149671251535114,102.02020202020202,1.3962634015954636
2.4155470956451124,164.64646464646466,1.5073298085405573
2.416801821352929,112.12121212121212,1.4279966607226333
2.417645151319233,184.84848484848487,1.5231964381041423
2.4268050447232032,149.49494949494948,1.4914631789769726
2.4289352173321923,119.1919191919192,1.443863290286218
2.4317462298901713,107.07070707070707,1.4121300311590486
2.435532173284966,127.27272727272728,1.4597299198498028
2.436196832129385,137.37373737373738,1.4755965494133878
2.4385165792563632,165.65656565656565,1.5073298085405573
2.4386949466711414,185.85858585858585,1.5231964381041423
2.4489482082845613,113.13131313131314,1.4279966607226333
2.4516958007743517,150.50505050505052,1.4914631789769726
2.459773784686086,186.8686868686869,1.5231964381041423
2.461535781833368,166.66666666666669,1.5073298085405573
2.4629770822430737,138.3838383838384,1.4755965494133878
2.4637460257726773,103.03030303030303,1.3962634015954636
2.464155077418122,128.2828282828283,1.4597299198498028
2.469428448415625,120.20202020202021,1.443863290286218
2.477930527570567,108.08080808080808,1.4121300311590486
2.4808803000859547,187.87878787878788,1.5231964381041423
2.4827478149486857,151.5151515151515,1.4914631789769726
2.484603381137085,167.67676767676767,1.5073298085405573
2.4924351985590025,114.14141414141415,1.4279966607226333
2.4973862026972706,139.3939393939394,1.4755965494133878
2.499522071254416,104.04040404040404,1.3962634015954636
2.499993803947778,121.21212121212122,1.443863290286218
2.501718718417725,129.2929292929293,1.4597299198498028
2.502013123270085,188.8888888888889,1.5231964381041423
2.5077180481759407,168.6868686868687,1.5073298085405573
2.50776475437416,152.52525252525254,1.4914631789769726
2.5082543633713565,100.0,1.3803967720318788
2.5120720303585706,109.0909090909091,1.4121300311590486
2.5231708804983786,189.8989898989899,1.5231964381041423
2.5243361038018906,140.40404040404042,1.4755965494133878
2.5305535727384676,130.3030303030303,1.4597299198498028
2.5308784473713373,169.6969696969697,1.5073298085405573
2.5328447158491487,153.53535353535352,1.4914631789769726
2.536076080771556,115.15151515151516,1.4279966607226333
2.540744187208722,122.22222222222223,1.443863290286218
2.5443521940740834,190.90909090909093,1.5231964381041423
2.54589135704045,101.01010101010101,1.3803967720318788
2.5487769955979247,105.05050505050505,1.3962634015954636
2.5513636039479186,141.41414141414143,1.4755965494133878
2.5540832367243156,170.70707070707073,1.5073298085405573
2.5579863822435307,154.54545454545456,1.4914631789769726
2.5586554820711687,110.1010101010101,1.4121300311590486
2.5594801001032574,131.31313131313132,1.4597299198498028
2.5655556825262296,191.91919191919192,1.5231964381041423
2.5686922625612936,116.16161616161617,1.4279966607226333
2.5715587057862495,123.23232323232324,1.443863290286218
2.5773310679831263,171.7171717171717,1.5073298085405573
2.583188428952318,155.55555555555554,1.4914631789769726
2.58595790340551,142.42424242424244,1.4755965494133878
2.5867799607914987,192.92929292929296,1.5231964381041423
2.5973292699182364,132.32323232323233,1.4597299198498028
2.5980492895179523,102.02020202020202,1.3803967720318788
2.5982640239485755,106.06060606060606,1.3962634015954636
2.6006205868118246,172.72727272727275,1.5073298085405573
2.605425472105279,111.11111111111111,1.4121300311590486
2.6080236403956696,193.93939393939394,1.5231964381041423
2.6125475566912972,124.24242424242425,1.443863290286218
2.6126441007656838,117.17171717171718,1.4279966607226333
2.6131415197775985,143.43434343434345,1.4755965494133878
2.6144227847537715,156.56565656565658,1.4914631789769726
2.6239504329597514,173.73737373737373,1.5073298085405573
2.6264535731719394,133.33333333333334,1.4597299198498028
2.6292853296344525,194.94949494949498,1.5231964381041423
2.6346417457835383,107.07070707070707,1.3962634015954636
2.6397306354062113,157.57575757575756,1.4914631789769726
2.640091881370496,112.12121212121212,1.4121300311590486
2.6403977235693055,144.44444444444446,1.4755965494133878
2.643600162356311,125.25252525252526,1.443863290286218
2.645541094164413,118.18181818181819,1.4279966607226333
2.6482919647333625,195.95959595959596,1.5231964381041423
2.6504747562113393,103.03030303030303,1.3803967720318788
2.651547987372151,174.74747474747477,1.5073298085405573
2.6556643207569173,134.34343434343435,1.4597299198498028
2.665093899077955,158.5858585858586,1.4914631789769726
2.669629765725001,196.96969696969697,1.5231964381041423
2.6749264551868923,175.75757575757575,1.5073298085405573
2.675145553993189,145.45454545454547,1.4755965494133878
2.6817152965119218,100.0,1.364530142468294
2.6845672151763944,108.08080808080808,1.3962634015954636
2.684808665002615,126.26262626262627,1.443863290286218
2.687226017685066,113.13131313131314,1.4121300311590486
2.689783761389396,119.1919191919192,1.4279966607226333
2.690511220062097,159.59595959595958,1.4914631789769726
2.6909822268282935,197.97979797979798,1.5231964381041423
2.6937656895370785,135.35353535353536,1.4597299198498028
2.6983402335951885,176.7676767676768,1.5073298085405573
2.7025441342413967,146.46464646464648,1.4755965494133878
2.7031581566244087,104.04040404040404,1.3803967720318788
2.7123479442219263,198.989898989899,1.5231964381041423
2.7159812359736915,160.60606060606062,1.4914631789769726
2.7160881832854193,127.27272727272728,1.443863290286218
2.7217879395842512,177.77777777777777,1.5073298085405573
2.722205110359715,114.14141414141415,1.4121300311590486
2.7229495502698473,120.20202020202021,1.4279966607226333
2.723159831303588,136.36363636363637,1.4597299198498028
2.7300102046242647,147.4747474747475,1.4755965494133878
2.733725511632775,200.0,1.5231964381041423
2.73470133316817,109.0909090909091,1.3962634015954636
2.7371977276834643,101.01010101010101,1.364530142468294
2.7415025778895794,161.6161616161616,1.4914631789769726
2.7416975709855356,105.05050505050505,1.3803967720318788
2.7452681852146124,178.7878787878788,1.5073298085405573
2.7474634195301157,128.2828282828283,1.443863290286218
2.752635106863623,137.37373737373738,1.4597299198498028
2.757542384213377,148.4848484848485,1.4755965494133878
2.767462795760085,121.21212121212122,1.4279966607226333
2.7687795777930253,179.7979797979798,1.5073298085405573
2.7696816681190954,115.15151515151516,1.4121300311590486
2.77164347125142,110.1010101010101,1.3962634015954636
2.77287971248855,162.62626262626264,1.4914631789769726
2.777562541354887,102.02020202020202,1.364530142468294
2.7889925670703963,129.2929292929293,1.443863290286218
2.7909549848813584,138.3838383838384,1.4597299198498028
2.7923207200457796,180.80808080808083,1.5073298085405573
2.792474128012752,149.49494949494948,1.4755965494133878
2.794862056888506,106.06060606060606,1.3803967720318788
2.798482312588655,163.63636363636363,1.4914631789769726
2.8008852807485587,122.22222222222223,1.4279966607226333
2.8049603602083932,116.16161616161617,1.4121300311590486
2.8158902102922494,181.8181818181818,1.5073298085405573
2.8201309630925353,150.50505050505052,1.4755965494133878
2.8205792744134506,130.3030303030303,1.443863290286218
2.820599080996441,139.3939393939394,1.4597299198498028
2.8221781276162456,111.11111111111111,1.3962634015954636
2.8241311337098742,164.64646464646466,1.4914631789769726
2.8335888449922217,103.03030303030303,1.364530142468294
2.8394866426187626,182.82828282828285,1.5073298085405573
2.845648742480155,123.23232323232324,1.4279966607226333
2.8478487085445074,151.5151515151515,1.4755965494133878
2.8482592502197055,107.07070707070707,1.3803967720318788
2.8498247805744117,165.65656565656565,1.4914631789769726
2.850318923359971,140.40404040404042,1.4597299198498028
2.8516672734820396,100.0,1.3486635129047093
2.852757502486519,117.17171717171718,1.4121300311590486
2.859455136044826,112.12121212121212,1.3962634015954636
2.8622829205338225,131.31313131313132,1.443863290286218
2.863108607052593,183.83838383838383,1.5073298085405573
2.8755618522245054,166.66666666666669,1.4914631789769726
2.875625954763899,152.52525252525254,1.4755965494133878
2.8793157460719465,124.24242424242425,1.4279966607226333
2.886754689736095,184.84848484848487,1.5073298085405573
2.887406342682483,108.08080808080808,1.3803967720318788
2.8888233065104374,141.41414141414143,1.4597299198498028
2.889884240776266,104.04040404040404,1.364530142468294
2.894069710988647,132.32323232323233,1.443863290286218
2.90069201448355,118.18181818181819,1.4121300311590486
2.9013409421726193,167.67676767676767,1.4914631789769726
2.9034612860296454,153.53535353535352,1.4755965494133878
2.910366816713957,113.13131313131314,1.3962634015954636
2.9104234731008973,185.85858585858585,1.5073298085405573
2.9106825405516856,101.01010101010101,1.3486635129047093
2.9186972204865125,142.42424242424244,1.4597299198498028
2.9243089636868134,125.25252525252526,1.4279966607226333
2.925942294703435,133.33333333333334,1.443863290286218
2.927160638553008,168.6868686868687,1.4914631789769726
2.9341135360420774,186.8686868686869,1.5073298085405573
2.936418434800718,119.1919191919192,1.4121300311590486
2.9385730727280737,154.54545454545456,1.4755965494133878
2.9412437401467053,109.0909090909091,1.3803967720318788
2.9464383918931882,105.05050505050505,1.364530142468294
2.948641421441067,143.43434343434345,1.4597299198498028
2.957823454092267,187.87878787878788,1.5073298085405573
2.9582082356688217,126.26262626262627,1.4279966607226333
2.958592928174953,169.6969696969697,1.4914631789769726
2.9614488709922613,114.14141414141415,1.3962634015954636
2.966511185194416,155.55555555555554,1.4755965494133878
2.967904086148554,134.34343434343435,1.443863290286218
2.969995662138211,102.02020202020202,1.3486635129047093
2.9815517995956378,188.8888888888889,1.5073298085405573
2.98446501896441,170.70707070707073,1.4914631789769726
2.9846378932289155,120.20202020202021,1.4121300311590486
2.9872960385727185,144.44444444444446,1.4597299198498028
2.987716098409973,106.06060606060606,1.364530142468294
2.9922037663112433,127.27272727272728,1.4279966607226333
2.9945020735046324,156.56565656565658,1.4755965494133878
2.9952884706018508,110.1010101010101,1.3803967720318788
2.9992295087862173,115.15151515151516,1.3962634015954636
2.9999610341643352,135.35353535353536,1.443863290286218
3.0052971418817083,189.8989898989899,1.5073298085405573
3.0103724840131765,171.7171717171717,1.4914631789769726
3.0130652280068095,103.03030303030303,1.3486635129047093
3.017379404496777,145.45454545454547,1.4597299198498028
3.0180924242924516,100.0,1.3327968833411243
3.020629231448955,121.21212121212122,1.4121300311590486
3.022544296647539,157.57575757575756,1.4755965494133878
3.0290580474388946,190.90909090909093,1.5073298085405573
3.0320979649178006,136.36363636363637,1.443863290286218
3.0350024538593465,111.11111111111111,1.3803967720318788
3.036313890851505,172.72727272727275,1.4914631789769726
3.037529886969831,128.2828282828283,1.4279966607226333
3.044753476202991,107.07070707070707,1.364530142468294
3.0475275321173063,146.46464646464648,1.4597299198498028
3.050636408194188,158.5858585858586,1.4755965494133878
3.0506502902848087,116.16161616161617,1.3962634015954636
3.052833080087748,191.91919191919192,1.5073298085405573
3.0567275886435,122.22222222222223,1.4121300311590486
3.0622878025388856,173.73737373737373,1.4914631789769726
3.07174079244466,129.2929292929293,1.4279966607226333
3.072925985286264,104.04040404040404,1.3486635129047093
3.0742813575801913,137.37373737373738,1.443863290286218
3.076620801153852,192.92929292929296,1.5073298085405573
3.0777389306858627,147.4747474747475,1.4597299198498028
3.0805942285938,101.01010101010101,1.3327968833411243
3.0858498272438926,159.59595959595958,1.4755965494133878
3.0864174705570178,108.08080808080808,1.364530142468294
3.0882927778222915,174.74747474747477,1.4914631789769726
3.0887281943697658,117.17171717171718,1.3962634015954636
3.0894462973428594,112.12121212121212,1.3803967720318788
3.1004197696402986,193.93939393939394,1.5073298085405573
3.1053545292976623,123.23232323232324,1.4121300311590486
3.1065867921037107,138.3838383838384,1.443863290286218
3.114022488308349,160.60606060606062,1.4755965494133878
3.114327371295324,175.75757575757575,1.4914631789769726
3.116570140672794,148.4848484848485,1.4597299198498028
3.1172477050947225,130.3030303030303,1.4279966607226333
3.1242285423996736,194.94949494949498,1.5073298085405573
3.1294944231405117,113.13131313131314,1.3803967720318788
3.133055632782255,105.05050505050505,1.3486635129047093
3.1389663430770214,139.3939393939394,1.443863290286218
3.1403901335580997,176.7676767676768,1.4914631789769726
3.14046398841947,118.18181818181819,1.3962634015954636
3.14169954540465,124.24242424242425,1.4121300311590486
3.1422396351166557,161.6161616161616,1.4755965494133878
3.1434056304512845,102.02020202020202,1.3327968833411243
3.1439108153608086,109.0909090909091,1.364530142468294
3.146901563943508,149.49494949494948,1.4597299198498028
3.1480456743055405,195.95959595959596,1.5073298085405573
3.151661584257679,131.31313131313132,1.4279966607226333
3.1664796113779072,177.77777777777777,1.4914631789769726
3.1704997996151247,162.62626262626264,1.4755965494133878
3.1718697184233497,196.96969696969697,1.5073298085405573
3.1768016793795435,106.06060606060606,1.3486635129047093
3.177290656027758,150.50505050505052,1.4597299198498028
3.1788247639266505,119.1919191919192,1.3962634015954636
3.1809762398103163,100.0,1.3169302537775396
3.181334574689859,140.40404040404042,1.443863290286218
3.184311922013996,114.14141414141415,1.3803967720318788
3.1861608614079993,132.32323232323233,1.4279966607226333
3.188884918249427,103.03030303030303,1.3327968833411243
3.19055885443865,125.25252525252526,1.4121300311590486
3.192594347850511,178.7878787878788,1.4914631789769726
3.1956992261806674,197.97979797979798,1.5073298085405573
3.1988015090916986,163.63636363636363,1.4755965494133878
3.2016189050379684,110.1010101010101,1.364530142468294
3.207735904570807,151.5151515151515,1.4597299198498028
3.213866643059871,141.41414141414143,1.443863290286218
3.218732882562033,179.7979797979798,1.4914631789769726
3.219532747536769,198.989898989899,1.5073298085405573
3.224678609568087,115.15151515151516,1.3803967720318788
3.2271371688135146,126.26262626262627,1.4121300311590486
3.2271432863076477,164.64646464646466,1.4755965494133878
3.230851802633381,120.20202020202021,1.3962634015954636
3.231932981987091,133.33333333333334,1.4279966607226333
3.237431802202313,107.07070707070707,1.3486635129047093
3.243368831151478,200.0,1.5073298085405573
3.2438662578990387,111.11111111111111,1.364530142468294
3.2448937517513503,180.80808080808083,1.4914631789769726
3.2464669106343536,142.42424242424244,1.443863290286218
3.2466873043057807,152.52525252525254,1.4597299198498028
3.246917905201343,101.01010101010101,1.3169302537775396
3.252263926130323,104.04040404040404,1.3327968833411243
3.255523649631005,165.65656565656565,1.4755965494133878
3.26661815114066,134.34343434343435,1.4279966607226333
3.269481026134065,121.21212121212122,1.3962634015954636
3.2710754884729583,181.8181818181818,1.4914631789769726
3.2762066415447535,127.27272727272728,1.4121300311590486
3.2772332337216086,153.53535353535352,1.4597299198498028
3.2798442641585868,116.16161616161617,1.3803967720318788
3.288983047753278,143.43434343434345,1.443863290286218
3.290792968932962,166.66666666666669,1.4755965494133878
3.297276622760193,182.82828282828285,1.4914631789769726
3.2983017730028927,108.08080808080808,1.3486635129047093
3.301382396208971,135.35353535353536,1.4279966607226333
3.3019861466659957,112.12121212121212,1.364530142468294
3.307829650704388,154.54545454545456,1.4597299198498028
3.3130048545333404,128.2828282828283,1.4121300311590486
3.313180593629552,102.02020202020202,1.3169302537775396
3.315921644832563,105.05050505050505,1.3327968833411243
3.3192233582657993,167.67676767676767,1.4755965494133878
3.3205139226901115,117.17171717171718,1.3803967720318788
3.3217197373680074,144.44444444444446,1.443863290286218
3.321775501932035,122.22222222222223,1.3962634015954636
3.323495681788778,183.83838383838383,1.4914631789769726
3.3384750238086514,155.55555555555554,1.4597299198498028
3.340307194201309,100.0,1.3010636242139548
3.3426766839803457,109.0909090909091,1.3486635129047093
3.344575629771337,113.13131313131314,1.364530142468294
3.34738028363448,136.36363636363637,1.4279966607226333
3.3476868295541515,168.6868686868687,1.4755965494133878
3.349731190040626,184.84848484848487,1.4914631789769726
3.3498933371786737,129.2929292929293,1.4121300311590486
3.354518663218264,145.45454545454547,1.443863290286218
3.3606587267388486,123.23232323232324,1.3962634015954636
3.361032535015771,103.03030303030303,1.3169302537775396
3.3620986997830786,106.06060606060606,1.3327968833411243
3.369167817521901,156.56565656565658,1.4597299198498028
3.37598166946779,185.85858585858585,1.4914631789769726
3.3760022048676666,118.18181818181819,1.3803967720318788
3.3761818847826683,169.6969696969697,1.4755965494133878
3.3823132489527605,137.37373737373738,1.4279966607226333
3.3873782218160926,146.46464646464648,1.443863290286218
3.399266932792333,130.3030303030303,1.4121300311590486
3.3999064923657674,157.57575757575756,1.4597299198498028
3.4022456396565675,186.8686868686869,1.4914631789769726
3.4030799765762,114.14141414141415,1.364530142468294
3.4039998982382635,110.1010101010101,1.3486635129047093
3.404707022365918,170.70707070707073,1.4755965494133878
3.409641753035764,101.01010101010101,1.3010636242139548
3.4131968062548217,124.24242424242425,1.3962634015954636
3.4169592386612213,119.1919191919192,1.3803967720318788
3.4173189342412793,138.3838383838384,1.4279966607226333
3.4262736517698547,107.07070707070707,1.3327968833411243
3.427882307457619,104.04040404040404,1.3169302537775396
3.428521617991627,187.87878787878788,1.4914631789769726
3.4300648109466207,147.4747474747475,1.443863290286218
3.4332607372909134,171.7171717171717,1.4755965494133878
3.4363568799345616,131.31313131313132,1.4121300311590486
3.438986218116695,158.5858585858586,1.4597299198498028
3.4487428606440105,111.11111111111111,1.3486635129047093
3.452319567957095,125.25252525252526,1.3962634015954636
3.4548081198201195,188.8888888888889,1.4914631789769726
3.461754914555636,115.15151515151516,1.364530142468294
3.4618415212610065,172.72727272727275,1.4755965494133878
3.4630402054037925,148.4848484848485,1.443863290286218
3.463503027919808,139.3939393939394,1.4279966607226333
3.4697976789983014,159.59595959595958,1.4597299198498028
3.4727446056961866,120.20202020202021,1.3803967720318788
3.479308443677092,102.02020202020202,1.3010636242139548
3.48110365861572,189.8989898989899,1.4914631789769726
3.4858876890823502,132.32323232323233,1.4121300311590486
3.4904478628408353,173.73737373737373,1.4755965494133878
3.490696400785472,108.08080808080808,1.3327968833411243
3.491538551637027,126.26262626262627,1.3962634015954636
3.495020297275366,105.05050505050505,1.3169302537775396
3.4960702182933407,149.49494949494948,1.443863290286218
3.496076416368585,100.0,1.28519699465037
3.498660186770444,140.40404040404042,1.4279966607226333
3.50064927195941,160.60606060606062,1.4597299198498028
3.5048562133606294,116.16161616161617,1.364530142468294
3.507406746142541,190.90909090909093,1.4914631789769726
3.510490079008498,112.12121212121212,1.3486635129047093
3.513973419343415,121.21212121212122,1.3803967720318788
3.5190782476024793,174.74747474747477,1.4755965494133878
3.5231656320938995,133.33333333333334,1.4121300311590486
3.5291532318364713,150.50505050505052,1.443863290286218
3.5294958945418653,103.03030303030303,1.3010636242139548
3.5315394422597346,161.6161616161616,1.4597299198498028
3.533715892618813,191.91919191919192,1.4914631789769726
3.5338836801004985,141.41414141414143,1.4279966607226333
3.5375201419374007,109.0909090909091,1.3327968833411243
3.543590920182787,106.06060606060606,1.3169302537775396
3.544425228391876,127.27272727272728,1.3962634015954636
3.547731158272542,175.75757575757575,1.4755965494133878
3.5600296068803194,192.92929292929296,1.4914631789769726
3.560521998071443,134.34343434343435,1.4121300311590486
3.562466631868154,162.62626262626264,1.4597299198498028
3.563871390261862,117.17171717171718,1.364530142468294
3.568756684637243,101.01010101010101,1.28519699465037
3.5700303280309114,122.22222222222223,1.3803967720318788
3.571949848929675,151.5151515151515,1.443863290286218
3.572430083544374,113.13131313131314,1.3486635129047093
3.576405074880297,176.7676767676768,1.4755965494133878
3.580214346507565,142.42424242424244,1.4279966607226333
3.5838638678220276,128.2828282828283,1.3962634015954636
3.586346396543514,193.93939393939394,1.4914631789769726
3.5934292795782112,163.63636363636363,1.4597299198498028
3.599768659471696,104.04040404040404,1.3010636242139548
3.6024097722520065,110.1010101010101,1.3327968833411243
3.605098474906614,177.77777777777777,1.4755965494133878
3.605127986910768,152.52525252525254,1.443863290286218
3.6072707053353184,118.18181818181819,1.364530142468294
3.6102838373472137,135.35353535353536,1.4121300311590486
3.611262414340827,107.07070707070707,1.3169302537775396
3.611515331865554,123.23232323232324,1.3803967720318788
3.612664768168228,194.94949494949498,1.4914631789769726
3.6155720078518003,143.43434343434345,1.4279966607226333
3.6177249635174733,114.14141414141415,1.3486635129047093
3.6325203666188264,164.64646464646466,1.4597299198498028
3.6338098334337423,178.7878787878788,1.4755965494133878
3.6369373834352423,129.2929292929293,1.3962634015954636
3.638353069106798,153.53535353535352,1.443863290286218
3.6389832274199936,195.95959595959596,1.4914631789769726
3.6417798787234923,102.02020202020202,1.28519699465037
3.647809692088109,136.36363636363637,1.4121300311590486
3.6482774037793733,100.0,1.269330365086785
3.64961043821628,111.11111111111111,1.3327968833411243
3.650989593380365,144.44444444444446,1.4279966607226333
3.6625376232958082,179.7979797979798,1.4755965494133878
3.6635276461039004,165.65656565656565,1.4597299198498028
3.6653002792317837,196.96969696969697,1.4914631789769726
3.666598801959956,119.1919191919192,1.364530142468294
3.6678182528997234,124.24242424242425,1.3803967720318788
3.6703388357144924,105.05050505050505,1.3010636242139548
3.671623465662148,154.54545454545456,1.443863290286218
3.676581196801208,130.3030303030303,1.3962634015954636
3.679189345987651,108.08080808080808,1.3169302537775396
3.6800417791200153,115.15151515151516,1.3486635129047093
3.6854071132823143,137.37373737373738,1.4121300311590486
3.6864653839363277,145.45454545454547,1.4279966607226333
3.6912803152299776,180.80808080808083,1.4755965494133878
3.6916144279653005,197.97979797979798,1.4914631789769726
3.694265653557151,103.03030303030303,1.28519699465037
3.6945645771033484,166.66666666666669,1.4597299198498028
3.704937544177262,155.55555555555554,1.443863290286218
3.709543868627463,125.25252525252526,1.3803967720318788
3.710279350270487,120.20202020202021,1.364530142468294
3.71493580030728,112.12121212121212,1.3327968833411243
3.7163084427166573,131.31313131313132,1.3962634015954636
3.7179241775715464,198.989898989899,1.4914631789769726
3.721265519295503,106.06060606060606,1.3010636242139548
3.7242560466736774,101.01010101010101,1.269330365086785
3.725629587322124,167.67676767676767,1.4597299198498028
3.7256572793017004,116.16161616161617,1.3486635129047093
3.726336076696732,181.8181818181818,1.4755965494133878
3.728424108292335,109.0909090909091,1.3169302537775396
3.732961580044436,146.46464646464648,1.4279966607226333
3.7353575845191385,138.3838383838384,1.4121300311590486
3.7442280317508394,200.0,1.4914631789769726
3.747814294471297,156.56565656565658,1.443863290286218
3.7550653118045623,182.82828282828285,1.4755965494133878
3.756721102027739,168.6868686868687,1.4597299198498028
3.7660673012039316,126.26262626262627,1.3803967720318788
3.767913430712079,104.04040404040404,1.28519699465037
3.768549480315758,147.4747474747475,1.4279966607226333
3.7696522335296594,132.32323232323233,1.3962634015954636
3.769893082839644,121.21212121212122,1.364530142468294
3.7731059647748104,139.3939393939394,1.4121300311590486
3.780458966409656,113.13131313131314,1.3327968833411243
3.7811982420746557,157.57575757575756,1.443863290286218
3.7838038313022584,183.83838383838383,1.4755965494133878
3.787837544176814,169.6969696969697,1.4597299198498028
3.7883217512206366,117.17171717171718,1.3486635129047093
3.7923849895768766,107.07070707070707,1.3010636242139548
3.7968310807707364,110.1010101010101,1.3169302537775396
3.79690577309241,100.0,1.2534637355232003
3.800588097546504,102.02020202020202,1.269330365086785
3.804189150280658,148.4848484848485,1.4279966607226333
3.808017967726697,127.27272727272728,1.3803967720318788
3.8095647739924936,133.33333333333334,1.3962634015954636
3.810919047474477,140.40404040404042,1.4121300311590486
3.812550100864244,184.84848484848487,1.4755965494133878
3.8138381154582395,122.22222222222223,1.364530142468294
3.814619775878522,158.5858585858586,1.443863290286218
3.8189773345432054,170.70707070707073,1.4597299198498028
3.8282239824238338,114.14141414141415,1.3327968833411243
3.8342398535219635,118.18181818181819,1.3486635129047093
3.8398788640493757,149.49494949494948,1.4279966607226333
3.841302584952122,185.85858585858585,1.4755965494133878
3.8418675029751657,105.05050505050505,1.28519699465037
3.8480772543107205,159.59595959595958,1.443863290286218
3.8495533715779273,134.34343434343435,1.3962634015954636
3.8500581508808143,128.2828282828283,1.3803967720318788
3.850138891847619,171.7171717171717,1.4597299198498028
3.8553349986311893,103.03030303030303,1.269330365086785
3.857886161444155,123.23232323232324,1.364530142468294
3.8610157802160954,141.41414141414143,1.4121300311590486
3.8637672312486915,108.08080808080808,1.3010636242139548
3.865460792715727,111.11111111111111,1.3169302537775396
3.870059746967309,186.8686868686869,1.4755965494133878
3.87613536209126,101.01010101010101,1.2534637355232003
3.8813206328886656,172.72727272727275,1.4597299198498028
3.8815690338288733,160.60606060606062,1.443863290286218
3.886476088727501,150.50505050505052,1.4279966607226333
3.894132726736696,115.15151515151516,1.3327968833411243
3.8951127085445316,106.06060606060606,1.28519699465037
3.8972228884192774,119.1919191919192,1.3486635129047093
3.8988200494038554,187.87878787878788,1.4755965494133878
3.8989612849410045,142.42424242424244,1.4121300311590486
3.9031220862906237,135.35353535353536,1.3962634015954636
3.906896633778712,129.2929292929293,1.3803967720318788
3.9125209726752024,173.73737373737373,1.4597299198498028
3.915093469016649,161.6161616161616,1.443863290286218
3.9153054098463635,112.12121212121212,1.3169302537775396
3.915375148549729,109.0909090909091,1.3010636242139548
3.917903058113496,124.24242424242425,1.364530142468294
3.9222558092612805,151.5151515151515,1.4279966607226333
3.9275819540012846,188.8888888888889,1.4755965494133878
3.9323096674321767,104.04040404040404,1.269330365086785
3.9327844209681477,102.02020202020202,1.2534637355232003
3.936964624842214,143.43434343434345,1.4121300311590486
3.9419590428175497,100.0,1.2375971059596156
3.942223966183145,116.16161616161617,1.3327968833411243
3.94327611923722,136.36363636363637,1.3962634015954636
3.943425633460959,120.20202020202021,1.3486635129047093
3.943738324559976,174.74747474747477,1.4597299198498028
3.9486489126824207,162.62626262626264,1.443863290286218
3.9491405218036366,130.3030303030303,1.3803967720318788
3.9563439218974343,189.8989898989899,1.4755965494133878
3.9580791215436415,152.52525252525254,1.4279966607226333
3.962192608382412,125.25252525252526,1.364530142468294
3.969631390222474,107.07070707070707,1.28519699465037
3.974971100374452,175.75757575757575,1.4597299198498028
3.975023962141869,144.44444444444446,1.4121300311590486
3.979189216469785,190.90909090909093,1.4755965494133878
3.983498846170051,137.37373737373738,1.3962634015954636
3.9843618957180165,113.13131313131314,1.3169302537775396
3.987250118754785,110.1010101010101,1.3010636242139548
3.991537162171136,163.63636363636363,1.443863290286218
3.9939442948541366,153.53535353535352,1.4279966607226333
4.00613895909444,131.31313131313132,1.3803967720318788
4.006698214511942,121.21212121212122,1.3486635129047093
4.007994452826595,191.91919191919192,1.4755965494133878
4.008487327983866,117.17171717171718,1.3327968833411243
4.009599208369824,105.05050505050505,1.269330365086785
4.012699375292313,103.03030303030303,1.2534637355232003
4.013874048923432,176.7676767676768,1.4597299198498028
4.022430346095522,126.26262626262627,1.364530142468294
4.024392105267625,101.01010101010101,1.2375971059596156
4.025128191559233,164.64646464646466,1.443863290286218
4.025282557314025,145.45454545454547,1.4121300311590486
4.029849597504458,154.54545454545456,1.4279966607226333
4.034558690329187,114.14141414141415,1.3169302537775396
4.0367961321445955,192.92929292929296,1.4755965494133878
4.037247229178235,138.3838383838384,1.3962634015954636
4.039252139311265,111.11111111111111,1.3010636242139548
4.044419873640247,108.08080808080808,1.28519699465037
4.045097568597996,177.77777777777777,1.4597299198498028
4.048571057894287,132.32323232323233,1.3803967720318788
4.053167707238869,122.22222222222223,1.3486635129047093
4.056885570416479,118.18181818181819,1.3327968833411243
4.058744101687698,165.65656565656565,1.443863290286218
4.063450760207169,146.46464646464648,1.4121300311590486
4.0651253959395826,106.06060606060606,1.269330365086785
4.065592711825384,193.93939393939394,1.4755965494133878
4.066944760554678,127.27272727272728,1.364530142468294
4.076330652937176,178.7878787878788,1.4597299198498028
4.076511207305227,155.55555555555554,1.4279966607226333
4.07761556635575,139.3939393939394,1.3962634015954636
4.083219509118698,102.02020202020202,1.2375971059596156
4.083436443907018,100.0,1.2217304763960306
4.091078950626295,133.33333333333334,1.3803967720318788
4.092383240451231,166.66666666666669,1.443863290286218
4.092952733895054,104.04040404040404,1.2534637355232003
4.094382649319318,194.94949494949498,1.4755965494133878
4.09836305914244,109.0909090909091,1.28519699465037
4.101668095295584,147.4747474747475,1.4121300311590486
4.104009063194206,115.15151515151516,1.3169302537775396
4.107571711084598,179.7979797979798,1.4597299198498028
4.111584888171017,112.12121212121212,1.3010636242139548
4.112479676422303,156.56565656565658,1.4279966607226333
4.1167009093505955,123.23232323232324,1.3486635129047093
4.118045250135956,140.40404040404042,1.3962634015954636
4.123164402278206,195.95959595959596,1.4755965494133878
4.123472692014168,119.1919191919192,1.3327968833411243
4.126043954625904,167.67676767676767,1.443863290286218
4.127376278929339,128.2828282828283,1.364530142468294
4.138819151474574,180.80808080808083,1.4597299198498028
4.139932725867208,148.4848484848485,1.4121300311590486
4.142994395640166,107.07070707070707,1.269330365086785
4.144055830284343,101.01010101010101,1.2217304763960306
4.1483089981378,134.34343434343435,1.3803967720318788
4.148481813381847,157.57575757575756,1.4279966607226333
4.150426661838672,105.05050505050505,1.2534637355232003
4.151936428707587,196.96969696969697,1.4755965494133878
4.154537501987755,116.16161616161617,1.3169302537775396
4.159724589980261,168.6868686868687,1.443863290286218
4.1634193247493325,124.24242424242425,1.3486635129047093
4.166356251776705,103.03030303030303,1.2375971059596156
4.1700713819714865,181.8181818181818,1.4597299198498028
4.17192818756781,141.41414141414143,1.3962634015954636
4.172098970417463,129.2929292929293,1.364530142468294
4.172158806419322,120.20202020202021,1.3327968833411243
4.173656494817484,110.1010101010101,1.28519699465037
4.180697187118512,197.97979797979798,1.4755965494133878
4.184124591529887,113.13131313131314,1.3010636242139548
4.184515884191617,158.5858585858586,1.4279966607226333
4.190284550482446,149.49494949494948,1.4121300311590486
4.190983875399586,135.35353535353536,1.3803967720318788
4.193423491388295,169.6969696969697,1.443863290286218
4.195396659778664,100.0,1.2058638468324459
4.201326810009857,182.82828282828285,1.4597299198498028
4.209445136678813,198.989898989899,1.4755965494133878
4.2102337257806814,125.25252525252526,1.3486635129047093
4.212483705228834,142.42424242424244,1.3962634015954636
4.216903652348238,130.3030303030303,1.364530142468294
4.220580154372641,159.59595959595958,1.4279966607226333
4.221139927719815,108.08080808080808,1.269330365086785
4.224349004542574,117.17171717171718,1.3169302537775396
4.2271390029441465,170.70707070707073,1.443863290286218
4.2280021015545906,111.11111111111111,1.28519699465037
4.228634528411494,150.50505050505052,1.4121300311590486
4.2299943041593995,102.02020202020202,1.2217304763960306
4.231298892815305,106.06060606060606,1.2534637355232003
4.232583842734855,183.83838383838383,1.4597299198498028
4.233726667862015,136.36363636363637,1.3803967720318788
4.236714767530847,114.14141414141415,1.3010636242139548
4.238178737363776,200.0,1.4755965494133878
4.239038948748836,121.21212121212122,1.3327968833411243
4.2498400683106325,104.04040404040404,1.2375971059596156
4.2530932417057645,143.43434343434345,1.3962634015954636
4.256672889037686,160.60606060606062,1.4279966607226333
4.260869468078423,171.7171717171717,1.443863290286218
4.263840887143328,184.84848484848487,1.4597299198498028
4.267024946064259,151.5151515151515,1.4121300311590486
4.274133918809359,126.26262626262627,1.3486635129047093
4.275188669186188,118.18181818181819,1.3169302537775396
4.2773805049008065,109.0909090909091,1.269330365086785
4.277611749554345,131.31313131313132,1.364530142468294
4.284053996794823,101.01010101010101,1.2058638468324459
4.287993899259037,122.22222222222223,1.3327968833411243
4.2911401866141725,137.37373737373738,1.3803967720318788
4.293754839631704,144.44444444444446,1.3962634015954636
4.294613229676123,172.72727272727275,1.443863290286218
4.295096350225188,185.85858585858585,1.4597299198498028
4.303311823978784,161.6161616161616,1.4279966607226333
4.303763650492102,112.12121212121212,1.28519699465037
4.305453969374607,152.52525252525254,1.4121300311590486
4.309512861495383,105.05050505050505,1.2375971059596156
4.3096562162927325,115.15151515151516,1.3010636242139548
4.312469249393904,107.07070707070707,1.2534637355232003
4.316304912986115,103.03030303030303,1.2217304763960306
4.321172828576427,127.27272727272728,1.3486635129047093
4.322601997392656,132.32323232323233,1.364530142468294
4.326348639105103,186.8686868686869,1.4597299198498028
4.3287247360469365,100.0,1.189997217268861
4.334028826305454,138.3838383838384,1.3803967720318788
4.337294290606393,173.73737373737373,1.443863290286218
4.339436199334612,162.62626262626264,1.4279966607226333
4.343919764937149,153.53535353535352,1.4121300311590486
4.345328689831143,119.1919191919192,1.3169302537775396
4.34778146666201,145.45454545454547,1.3962634015954636
4.355136457521145,123.23232323232324,1.3327968833411243
4.356042757991355,110.1010101010101,1.269330365086785
4.357596161184413,187.87878787878788,1.4597299198498028
4.358488440911025,113.13131313131314,1.28519699465037
4.3625832818279875,116.16161616161617,1.3010636242139548
4.367665788994725,133.33333333333334,1.364530142468294
4.370699477010004,108.08080808080808,1.2534637355232003
4.37102592607514,174.74747474747477,1.443863290286218
4.3731096812422185,102.02020202020202,1.2058638468324459
4.375582582946719,163.63636363636363,1.4279966607226333
4.376977541350564,139.3939393939394,1.3803967720318788
4.37781868538249,104.04040404040404,1.2217304763960306
4.3852651265081075,128.2828282828283,1.3486635129047093
4.388543839665689,146.46464646464648,1.3962634015954636
4.388837324283278,188.8888888888889,1.4597299198498028
4.393630657902358,106.06060606060606,1.2375971059596156
4.3943216181160185,154.54545454545456,1.4121300311590486
4.3964592827613975,120.20202020202021,1.3169302537775396
4.404341309185437,124.24242424242425,1.3327968833411243
4.404764730104955,175.75757575757575,1.443863290286218
4.41174924090615,164.64646464646466,1.4279966607226333
4.412693902891543,111.11111111111111,1.269330365086785
4.419984238839197,140.40404040404042,1.3803967720318788
4.420070536782821,189.8989898989899,1.4597299198498028
4.420442578412949,101.01010101010101,1.189997217268861
4.428599169800822,134.34343434343435,1.364530142468294
4.4293509772187525,147.4747474747475,1.3962634015954636
4.4304602138511875,100.0,1.1741305877052763
4.432510915340263,129.2929292929293,1.3486635129047093
4.432844309243322,155.55555555555554,1.4121300311590486
4.43468145167125,114.14141414141415,1.28519699465037
4.435891932065715,117.17171717171718,1.3010636242139548
4.436401293272635,103.03030303030303,1.2058638468324459
4.438509047115062,176.7676767676768,1.443863290286218
4.447934439455607,165.65656565656565,1.4279966607226333
4.451294207767388,190.90909090909093,1.4597299198498028
4.452422702577959,109.0909090909091,1.2534637355232003
4.453641377596491,125.25252525252526,1.3327968833411243
4.4537908182254995,107.07070707070707,1.2375971059596156
4.464805369681017,105.05050505050505,1.2217304763960306
4.466895371648293,121.21212121212122,1.3169302537775396
4.470200931189582,148.4848484848485,1.3962634015954636
4.4713969381912255,156.56565656565658,1.4121300311590486
4.472257221712375,177.77777777777777,1.443863290286218
4.473825951296302,135.35353535353536,1.364530142468294
4.4776001669701,141.41414141414143,1.3803967720318788
4.479836966097679,130.3030303030303,1.3486635129047093
4.48250674716674,191.91919191919192,1.4597299198498028
4.484136445082326,166.66666666666669,1.4279966607226333
4.485447883873193,102.02020202020202,1.189997217268861
4.4891342757077055,118.18181818181819,1.3010636242139548
4.491834156849032,112.12121212121212,1.269330365086785
4.506007598816292,178.7878787878788,1.443863290286218
4.509977676335249,157.57575757575756,1.4121300311590486
4.511063257217123,115.15151515151516,1.28519699465037
4.511087393368128,110.1010101010101,1.2534637355232003
4.513706565898112,192.92929292929296,1.4597299198498028
4.518296721863713,122.22222222222223,1.3169302537775396
4.519117890201034,136.36363636363637,1.364530142468294
4.5203535246130695,167.67676767676767,1.4279966607226333
4.520725972395234,142.42424242424244,1.3803967720318788
4.521151753144293,126.26262626262627,1.3327968833411243
4.524298512121234,149.49494949494948,1.3962634015954636
4.525147708972206,101.01010101010101,1.1741305877052763
4.526177152750761,104.04040404040404,1.2058638468324459
4.538499528478572,108.08080808080808,1.2375971059596156
4.539758523784469,179.7979797979798,1.443863290286218
4.544201938257997,131.31313131313132,1.3486635129047093
4.544892076008151,193.93939393939394,1.4597299198498028
4.548584696096865,158.5858585858586,1.4121300311590486
4.548871364305069,113.13131313131314,1.269330365086785
4.55212007397685,106.06060606060606,1.2217304763960306
4.555691907343892,100.0,1.1582639581416914
4.556583945311252,168.6868686868687,1.4279966607226333
4.562775772916473,119.1919191919192,1.3010636242139548
4.563901975427462,143.43434343434345,1.3803967720318788
4.5652243110169515,150.50505050505052,1.3962634015954636
4.566350382378056,116.16161616161617,1.28519699465037
4.569205653008464,194.94949494949498,1.4597299198498028
4.569800066585248,123.23232323232324,1.3169302537775396
4.5706758143122785,127.27272727272728,1.3327968833411243
4.573508342539515,180.80808080808083,1.443863290286218
4.577932043127922,103.03030303030303,1.189997217268861
4.580225579158044,137.37373737373738,1.364530142468294
4.587216171003514,159.59595959595958,1.4121300311590486
4.591710757616807,132.32323232323233,1.3486635129047093
4.592825974975896,169.6969696969697,1.4279966607226333
4.593322750628596,111.11111111111111,1.2534637355232003
4.600412279489481,195.95959595959596,1.4597299198498028
4.606185666916908,151.5151515151515,1.3962634015954636
4.6072554016964204,181.8181818181818,1.443863290286218
4.614452395195679,107.07070707070707,1.2217304763960306
4.616305234495696,105.05050505050505,1.2058638468324459
4.61631193594981,120.20202020202021,1.3010636242139548
4.620258120435296,102.02020202020202,1.1741305877052763
4.621592751319089,144.44444444444446,1.3803967720318788
4.623487144509346,109.0909090909091,1.2375971059596156
4.625658079506849,138.3838383838384,1.364530142468294
4.625870275751597,160.60606060606062,1.4121300311590486
4.628451130995014,114.14141414141415,1.269330365086785
4.629077882042621,170.70707070707073,1.4279966607226333
4.631600874153077,196.96969696969697,1.4597299198498028
4.638376226385159,128.2828282828283,1.3327968833411243
4.6392908631808325,133.33333333333334,1.3486635129047093
4.6406486757780545,124.24242424242425,1.3169302537775396
4.6409980486908236,182.82828282828285,1.443863290286218
4.643105030406784,117.17171717171718,1.28519699465037
4.647180642233949,152.52525252525254,1.3962634015954636
4.647291672547597,100.0,1.1423973285781066
4.653345335011564,101.01010101010101,1.1582639581416914
4.662769850893048,197.97979797979798,1.4597299198498028
4.664866978017524,145.45454545454547,1.3803967720318788
4.669957787888963,121.21212121212122,1.3010636242139548
4.670793768137703,104.04040404040404,1.189997217268861
4.671147413786487,139.3939393939394,1.364530142468294
4.674734631907766,183.83838383838383,1.443863290286218
4.675486182569312,171.7171717171717,1.4279966607226333
4.675791571631656,112.12121212121212,1.2534637355232003
4.67622687703279,161.6161616161616,1.4121300311590486
4.6804629994406834,106.06060606060606,1.2058638468324459
4.684376337486582,110.1010101010101,1.2375971059596156
4.685850096728388,115.15151515151516,1.269330365086785
4.688105615300484,129.2929292929293,1.3327968833411243
4.68820730174711,153.53535353535352,1.3962634015954636
4.6923951834124065,125.25252525252526,1.3169302537775396
4.693917625334812,198.989898989899,1.4597299198498028
4.698711323038631,118.18181818181819,1.28519699465037
4.702370724837815,108.08080808080808,1.2217304763960306
4.703874287121544,134.34343434343435,1.3486635129047093
4.708183663993575,146.46464646464648,1.3803967720318788
4.708463500811204,184.84848484848487,1.443863290286218
4.711719579860223,172.72727272727275,1.4279966607226333
4.714899635245391,162.62626262626264,1.4121300311590486
4.71577260130291,103.03030303030303,1.1741305877052763
4.716691362440384,140.40404040404042,1.364530142468294
4.722226184664934,102.02020202020202,1.1582639581416914
4.725042614976288,200.0,1.4597299198498028
4.735103031648652,113.13131313131314,1.2534637355232003
4.736715279238171,105.05050505050505,1.189997217268861
4.737913530569473,130.3030303030303,1.3327968833411243
4.742183006073885,185.85858585858585,1.443863290286218
4.742323034356893,154.54545454545456,1.3962634015954636
4.7440608137800355,122.22222222222223,1.3010636242139548
4.747817538138392,101.01010101010101,1.1423973285781066
4.747956443184404,173.73737373737373,1.4279966607226333
4.751540746573475,147.4747474747475,1.3803967720318788
4.751613246034229,135.35353535353536,1.3486635129047093
4.7535882351252265,163.63636363636363,1.4121300311590486
4.754435951375642,119.1919191919192,1.28519699465037
4.7634631657331665,126.26262626262627,1.3169302537775396
4.764488291741288,100.0,1.1265306990145219
4.765172084879409,109.0909090909091,1.2217304763960306
4.765831137936105,116.16161616161617,1.269330365086785
4.769886204079048,111.11111111111111,1.2375971059596156
4.771235401445868,107.07070707070707,1.2058638468324459
4.775891499707694,186.8686868686869,1.443863290286218
4.777986428255275,141.41414141414143,1.364530142468294
4.783395178596488,104.04040404040404,1.1741305877052763
4.7833954889979,155.55555555555554,1.3962634015954636
4.784195047691027,174.74747474747477,1.4279966607226333
4.792290859390715,164.64646464646466,1.4121300311590486
4.79493616703941,148.4848484848485,1.3803967720318788
4.797971130518645,123.23232323232324,1.3010636242139548
4.799414600453803,136.36363636363637,1.3486635129047093
4.805882195799359,131.31313131313132,1.3327968833411243
4.809587335194351,187.87878787878788,1.443863290286218
4.815432998170726,127.27272727272728,1.3169302537775396
4.818018989073132,114.14141414141415,1.2534637355232003
4.820433669818029,175.75757575757575,1.4279966607226333
4.8206904648948505,103.03030303030303,1.1582639581416914
4.823567764973029,117.17171717171718,1.269330365086785
4.823642632427865,142.42424242424244,1.364530142468294
4.824492422920432,156.56565656565658,1.3962634015954636
4.830264004900011,106.06060606060606,1.189997217268861
4.831005692412041,165.65656565656565,1.4121300311590486
4.831191288548281,112.12121212121212,1.2375971059596156
4.831705573511308,120.20202020202021,1.28519699465037
4.83588968568871,108.08080808080808,1.2058638468324459
4.843268867616392,188.8888888888889,1.443863290286218
4.846048251678057,100.0,1.110664069450937
4.84879059214573,102.02020202020202,1.1423973285781066
4.852725208364639,149.49494949494948,1.3803967720318788
4.853649340632872,110.1010101010101,1.2217304763960306
4.855869939190697,132.32323232323233,1.3327968833411243
4.856670587401684,176.7676767676768,1.4279966607226333
4.864162693783761,137.37373737373738,1.3486635129047093
4.865611913246121,157.57575757575756,1.3962634015954636
4.867487018921512,128.2828282828283,1.3169302537775396
4.8678866041643385,101.01010101010101,1.1265306990145219
4.8693452127898045,143.43434343434345,1.364530142468294
4.86973092028944,166.66666666666669,1.4121300311590486
4.87232584703517,124.24242424242425,1.3010636242139548
4.876934453788282,189.8989898989899,1.443863290286218
4.877697695611506,115.15151515151516,1.2534637355232003
4.8796413647232555,105.05050505050505,1.1741305877052763
4.88771817810805,121.21212121212122,1.28519699465037
4.892904079787589,177.77777777777777,1.4279966607226333
4.896186864150913,150.50505050505052,1.3803967720318788
4.896711049985527,107.07070707070707,1.189997217268861
4.903912110010321,118.18181818181819,1.269330365086785
4.905926707337624,133.33333333333334,1.3327968833411243
4.9067520397652915,158.5858585858586,1.3962634015954636
4.908464730933546,167.67676767676767,1.4121300311590486
4.910582452387758,190.90909090909093,1.443863290286218
4.912099193306945,138.3838383838384,1.3486635129047093
4.916891140454343,111.11111111111111,1.2217304763960306
4.9171810880954006,113.13131313131314,1.2375971059596156
4.919554119917001,104.04040404040404,1.1582639581416914
4.9264795673204,125.25252525252526,1.3010636242139548
4.927259600877434,109.0909090909091,1.2058638468324459
4.929132427942728,178.7878787878788,1.4279966607226333
4.930699920991225,144.44444444444446,1.364530142468294
4.938862031093253,129.2929292929293,1.3169302537775396
4.939679198849254,151.5151515151515,1.3803967720318788
4.940484064587528,102.02020202020202,1.1265306990145219
4.944211224087187,191.91919191919192,1.443863290286218
4.947205314148207,168.6868686868687,1.4121300311590486
4.947820058695548,106.06060606060606,1.1741305877052763
4.947910884980945,159.59595959595958,1.3962634015954636
4.950190576019449,103.03030303030303,1.1423973285781066
4.952223340893948,101.01010101010101,1.110664069450937
4.955277800430336,100.0,1.0947974398873521
4.960089284789623,139.3939393939394,1.3486635129047093
4.961020770096476,116.16161616161617,1.2534637355232003
4.961962514869272,119.1919191919192,1.269330365086785
4.965274875804098,122.22222222222223,1.28519699465037
4.965353914568769,179.7979797979798,1.4279966607226333
4.974106504909569,134.34343434343435,1.3327968833411243
4.976492712965099,145.45454545454547,1.364530142468294
4.9778191316848535,192.92929292929296,1.443863290286218
4.978875158636302,114.14141414141415,1.2375971059596156
4.983200172259727,152.52525252525254,1.3803967720318788
4.9859508617151675,169.6969696969697,1.4121300311590486
4.989402371167504,105.05050505050505,1.1582639581416914
4.990897823748115,108.08080808080808,1.189997217268861
4.991112282411496,130.3030303030303,1.3169302537775396
5.0010523821971535,126.26262626262627,1.3010636242139548
5.0015668242161295,180.80808080808083,1.4279966607226333
5.001936326981442,160.60606060606062,1.3962634015954636
5.005882966725861,112.12121212121212,1.2217304763960306
5.008130622798189,140.40404040404042,1.3486635129047093
5.011404540236295,193.93939393939394,1.443863290286218
5.01890784767928,110.1010101010101,1.2058638468324459
5.021041429372188,117.17171717171718,1.2534637355232003
5.021553120632718,123.23232323232324,1.28519699465037
5.0216452796770605,104.04040404040404,1.1423973285781066
5.022323712404534,146.46464646464648,1.364530142468294
5.024317857728876,135.35353535353536,1.3327968833411243
5.024699567481026,170.70707070707073,1.4121300311590486
5.026747748268758,153.53535353535352,1.3803967720318788
5.026899079616642,100.0,1.0789308103237674
5.030999902142759,101.01010101010101,1.0947974398873521
5.037769443399309,181.8181818181818,1.4279966607226333
5.042632477900736,120.20202020202021,1.269330365086785
5.043105977323381,161.6161616161616,1.3962634015954636
5.044737604791498,103.03030303030303,1.1265306990145219
5.0447468135851095,107.07070707070707,1.1741305877052763
5.0449658171853855,194.94949494949498,1.443863290286218
5.055428616058506,127.27272727272728,1.3010636242139548
5.05886962629337,102.02020202020202,1.110664069450937
5.062631183846433,131.31313131313132,1.3169302537775396
5.065302903303842,115.15151515151516,1.2375971059596156
5.068190745110441,147.4747474747475,1.364530142468294
5.070580034100576,195.95959595959596,1.443863290286218
5.073050497444027,141.41414141414143,1.3486635129047093
5.073960060712776,182.82828282828285,1.4279966607226333
5.074588843717995,136.36363636363637,1.3327968833411243
5.074741237840858,171.7171717171717,1.4121300311590486
5.084287218797641,162.62626262626264,1.3962634015954636
5.084301340459102,111.11111111111111,1.2058638468324459
5.084522506708465,154.54545454545456,1.3803967720318788
5.0853850270706715,109.0909090909091,1.189997217268861
5.088991140810521,106.06060606060606,1.1582639581416914
5.093066814607066,100.0,1.0630641807601826
5.095105344648962,113.13131313131314,1.2217304763960306
5.099361436514603,124.24242424242425,1.28519699465037
5.1009729965871395,121.21212121212122,1.269330365086785
5.104146543232113,196.96969696969697,1.443863290286218
5.104248283045557,101.01010101010101,1.0789308103237674
5.10473191560687,118.18181818181819,1.2534637355232003
5.109887690250659,128.2828282828283,1.3010636242139548
5.110136966947765,183.83838383838383,1.4279966607226333
5.113456052441253,172.72727272727275,1.4121300311590486
5.114091642661613,148.4848484848485,1.364530142468294
5.115058188956041,132.32323232323233,1.3169302537775396
5.1211971231629345,142.42424242424244,1.3486635129047093
5.123816990185825,105.05050505050505,1.1423973285781066
5.125478148687916,163.63636363636363,1.3962634015954636
5.127359324229313,116.16161616161617,1.2375971059596156
5.128104690453554,155.55555555555554,1.3803967720318788
5.133601059794437,103.03030303030303,1.110664069450937
5.137685111143397,197.97979797979798,1.443863290286218
5.14039019733965,102.02020202020202,1.0947974398873521
5.141997206005173,108.08080808080808,1.1741305877052763
5.1429232150577855,137.37373737373738,1.3327968833411243
5.146298455209766,184.84848484848487,1.4279966607226333
5.149412050510188,104.04040404040404,1.1265306990145219
5.152167337667208,173.73737373737373,1.4121300311590486
5.152615124205084,110.1010101010101,1.189997217268861
5.15381306800266,100.0,1.0471975511965979
5.155883183541852,125.25252525252526,1.28519699465037
5.158999303722605,114.14141414141415,1.2217304763960306
5.165069480975864,119.1919191919192,1.2534637355232003
5.166676867381031,164.64646464646466,1.3962634015954636
5.167551956828454,133.33333333333334,1.3169302537775396
5.169386307764258,143.43434343434345,1.3486635129047093
5.171194111167431,198.989898989899,1.443863290286218
5.171705905806353,156.56565656565658,1.3803967720318788
5.175517268600759,149.49494949494948,1.364530142468294
5.176472691260213,112.12121212121212,1.2058638468324459
5.18193119369218,122.22222222222223,1.269330365086785
5.182442821036572,185.85858585858585,1.4279966607226333
5.184764230835109,129.2929292929293,1.3010636242139548
5.188927884715619,107.07070707070707,1.1582639581416914
5.1908733005187715,174.74747474747477,1.4121300311590486
5.19332380951506,138.3838383838384,1.3327968833411243
5.19585757229483,106.06060606060606,1.1423973285781066
5.204671919579577,200.0,1.443863290286218
5.207340088441235,101.01010101010101,1.0630641807601826
5.207881478427517,165.65656565656565,1.3962634015954636
5.209169998222785,100.0,1.0313309216330129
5.211005167315973,109.0909090909091,1.1741305877052763
5.212494695789739,126.26262626262627,1.28519699465037
5.214183374659999,117.17171717171718,1.2375971059596156
5.215324136622789,157.57575757575756,1.3803967720318788
5.216334804668104,102.02020202020202,1.0789308103237674
5.217615739827206,144.44444444444446,1.3486635129047093
5.218568362516954,186.8686868686869,1.4279966607226333
5.2201098121583005,134.34343434343435,1.3169302537775396
5.221474697587461,150.50505050505052,1.364530142468294
5.2230287973540115,105.05050505050505,1.1265306990145219
5.225522832535177,120.20202020202021,1.2534637355232003
5.229572150641728,175.75757575757575,1.4121300311590486
5.239417312080454,130.3030303030303,1.3010636242139548
5.240538387534157,123.23232323232324,1.269330365086785
5.241094787929609,104.04040404040404,1.110664069450937
5.242284846047871,113.13131313131314,1.2058638468324459
5.2437747572546725,139.3939393939394,1.3327968833411243
5.247662629735122,111.11111111111111,1.189997217268861
5.248665702750195,115.15151515151516,1.2217304763960306
5.249090088604851,166.66666666666669,1.3962634015954636
5.250244961036908,103.03030303030303,1.0947974398873521
5.254673380409614,187.87878787878788,1.4279966607226333
5.25895737106314,158.5858585858586,1.3803967720318788
5.259169810485463,100.0,1.0154642920694281
5.259654044377661,108.08080808080808,1.1582639581416914
5.267457937173059,151.5151515151515,1.364530142468294
5.2682621004239625,176.7676767676768,1.4121300311590486
5.270674621844158,101.01010101010101,1.0471975511965979
5.276575786552868,118.18181818181819,1.2375971059596156
5.282621498652461,145.45454545454547,1.3486635129047093
5.286736170385312,102.02020202020202,1.0630641807601826
5.290300807983029,167.67676767676767,1.3962634015954636
5.290651263908739,127.27272727272728,1.28519699465037
5.290756178262746,188.8888888888889,1.4279966607226333
5.291918163358808,135.35353535353536,1.3169302537775396
5.294142578771249,131.31313131313132,1.3010636242139548
5.294273587775425,140.40404040404042,1.3327968833411243
5.298745894595816,107.07070707070707,1.1423973285781066
5.299243177307182,124.24242424242425,1.269330365086785
5.302603601619852,159.59595959595958,1.3803967720318788
5.303844719510918,100.0,0.9995976625058433
5.306941365093189,177.77777777777777,1.4121300311590486
5.308854987069068,110.1010101010101,1.1741305877052763
5.309717683337312,121.21212121212122,1.2534637355232003
5.312926734304402,116.16161616161617,1.2217304763960306
5.313464845497163,152.52525252525254,1.364530142468294
5.31533658706049,112.12121212121212,1.189997217268861
5.316466063264071,105.05050505050505,1.110664069450937
5.326815062533701,189.8989898989899,1.4279966607226333
5.327078516054592,104.04040404040404,1.0947974398873521
5.3284663035287005,106.06060606060606,1.1265306990145219
5.328573352829943,101.01010101010101,1.0313309216330129
5.32890087893504,103.03030303030303,1.0789308103237674
5.330926744283383,146.46464646464648,1.3486635129047093
5.331511749992532,168.6868686868687,1.3962634015954636
5.33493350372455,114.14141414141415,1.2058638468324459
5.344618998719361,136.36363636363637,1.3169302537775396
5.345608162815983,178.7878787878788,1.4121300311590486
5.346260825148659,160.60606060606062,1.3803967720318788
5.347476070714201,128.2828282828283,1.28519699465037
5.351627170473585,102.02020202020202,1.0471975511965979
5.359493286519667,153.53535353535352,1.364530142468294
5.360231305665,109.0909090909091,1.1582639581416914
5.362763608685348,141.41414141414143,1.3327968833411243
5.362848342709081,190.90909090909093,1.4279966607226333
5.363754870090728,119.1919191919192,1.2375971059596156
5.369259460051442,132.32323232323233,1.3010636242139548
5.370453729242771,122.22222222222223,1.2534637355232003
5.372721031494598,169.6969696969697,1.3962634015954636
5.377321210490065,117.17171717171718,1.2217304763960306
5.378333489646235,111.11111111111111,1.1741305877052763
5.379263668987491,147.4747474747475,1.3486635129047093
5.380598414868485,125.25252525252526,1.269330365086785
5.381068998558871,101.01010101010101,1.0154642920694281
5.384260714798056,179.7979797979798,1.4121300311590486
5.397374073058563,137.37373737373738,1.3169302537775396
5.398854331424727,191.91919191919192,1.4279966607226333
5.401135089913663,115.15151515151516,1.2058638468324459
5.401966420629866,103.03030303030303,1.0630641807601826
5.401974676462544,108.08080808080808,1.1423973285781066
5.402665378731879,107.07070707070707,1.1265306990145219
5.403887626354461,161.6161616161616,1.3803967720318788
5.404379324472278,129.2929292929293,1.28519699465037
5.40739655777029,104.04040404040404,1.0789308103237674
5.410896538249594,113.13131313131314,1.189997217268861
5.41104077041803,102.02020202020202,1.0313309216330129
5.41336065454656,142.42424242424244,1.3327968833411243
5.413926772853636,170.70707070707073,1.3962634015954636
5.42087167880944,154.54545454545456,1.364530142468294
5.422897245385677,180.80808080808083,1.4121300311590486
5.424150599663611,133.33333333333334,1.3010636242139548
5.424747801186872,106.06060606060606,1.110664069450937
5.426457195998282,120.20202020202021,1.2375971059596156
5.427629995562997,148.4848484848485,1.3486635129047093
5.428194286680163,101.01010101010101,0.9995976625058433
5.431456203692824,110.1010101010101,1.1582639581416914
5.434831344586074,192.92929292929296,1.4279966607226333
5.437771024959817,105.05050505050505,1.0947974398873521
5.439537895791485,126.26262626262627,1.269330365086785
5.447537322772844,162.62626262626264,1.3803967720318788
5.454922477351774,123.23232323232324,1.2534637355232003
5.461515982168131,181.8181818181818,1.4121300311590486
5.463996450127894,143.43434343434345,1.3327968833411243
5.465009974213299,102.02020202020202,1.0154642920694281
5.466923466926743,155.55555555555554,1.364530142468294
5.4675462656421105,171.7171717171717,1.3962634015954636
5.467594348961711,118.18181818181819,1.2217304763960306
5.4693100814156965,138.3838383838384,1.3169302537775396
5.469474973622369,103.03030303030303,1.0471975511965979
5.470777701488334,193.93939393939394,1.4279966607226333
5.474886896567283,109.0909090909091,1.1423973285781066
5.476732782217569,112.12121212121212,1.1741305877052763
5.478983704206588,114.14141414141415,1.189997217268861
5.479103429603208,134.34343434343435,1.3010636242139548
5.482817239671733,130.3030303030303,1.28519699465037
5.491190574001799,163.63636363636363,1.3803967720318788
5.4926369135266215,149.49494949494948,1.3486635129047093
5.494215689633567,116.16161616161617,1.2058638468324459
5.497606623918281,194.94949494949498,1.4279966607226333
5.500115156081151,182.82828282828285,1.4121300311590486
5.508702701255751,172.72727272727275,1.3962634015954636
5.508809126817126,108.08080808080808,1.1265306990145219
5.512988855250833,156.56565656565658,1.364530142468294
5.513567785287403,102.02020202020202,0.9995976625058433
5.513950424464946,121.21212121212122,1.2375971059596156
5.5146685677116025,144.44444444444446,1.3327968833411243
5.515240491439758,106.06060606060606,1.0947974398873521
5.515916797801998,124.24242424242425,1.2534637355232003
5.517667758826657,104.04040404040404,1.0630641807601826
5.520826844025314,105.05050505050505,1.0789308103237674
5.521093377654037,127.27272727272728,1.269330365086785
5.522181999957103,139.3939393939394,1.3169302537775396
5.531460019845375,103.03030303030303,1.0313309216330129
5.532317854962565,119.1919191919192,1.2217304763960306
5.532621890295365,111.11111111111111,1.1582639581416914
5.533407755556154,107.07070707070707,1.110664069450937
5.533546810951331,195.95959595959596,1.4279966607226333
5.5348453991741335,164.64646464646466,1.3803967720318788
5.538693001511247,183.83838383838383,1.4121300311590486
5.539904009016688,131.31313131313132,1.28519699465037
5.541049985704506,150.50505050505052,1.3486635129047093
5.546649720306118,113.13131313131314,1.1741305877052763
5.5498486379131045,173.73737373737373,1.3962634015954636
5.554398045377376,135.35353535353536,1.3010636242139548
5.556747178020768,102.02020202020202,0.9837310329422585
5.559065735397358,157.57575757575756,1.364530142468294
5.560777817614505,117.17171717171718,1.2058638468324459
5.569452441784066,196.96969696969697,1.4279966607226333
5.575008712562439,115.15151515151516,1.189997217268861
5.5750984452961285,140.40404040404042,1.3169302537775396
5.576936875798275,122.22222222222223,1.2375971059596156
5.577004738674299,125.25252525252526,1.2534637355232003
5.577247756400864,184.84848484848487,1.4121300311590486
5.578499822108671,165.65656565656565,1.3803967720318788
5.578745020152082,110.1010101010101,1.1423973285781066
5.580244681370291,128.2828282828283,1.269330365086785
5.583224203579659,145.45454545454547,1.3327968833411243
5.583553589263462,109.0909090909091,1.1265306990145219
5.587808531807619,104.04040404040404,1.0471975511965979
5.587955082679351,103.03030303030303,1.0154642920694281
5.589484014676029,151.5151515151515,1.3486635129047093
5.590982215610278,174.74747474747477,1.3962634015954636
5.597058092236583,132.32323232323233,1.28519699465037
5.598203744709433,105.05050505050505,1.0630641807601826
5.60431193276254,112.12121212121212,1.1582639581416914
5.6051520049337515,158.5858585858586,1.364530142468294
5.6053218448156334,197.97979797979798,1.4279966607226333
5.609488995755548,136.36363636363637,1.3010636242139548
5.609731015266996,108.08080808080808,1.110664069450937
5.6157776623542235,185.85858585858585,1.4121300311590486
5.6221518713581,166.66666666666669,1.3803967720318788
5.622931970732889,120.20202020202021,1.2217304763960306
5.626709615689272,107.07070707070707,1.0947974398873521
5.628056834447633,141.41414141414143,1.3169302537775396
5.632101578354107,175.75757575757575,1.3962634015954636
5.63396362337468,146.46464646464648,1.3327968833411243
5.634675664929981,106.06060606060606,1.0789308103237674
5.6379367579076645,152.52525252525254,1.3486635129047093
5.638993686037419,103.03030303030303,0.9995976625058433
5.639472936641711,129.2929292929293,1.269330365086785
5.640025929425897,123.23232323232324,1.2375971059596156
5.641153352339767,198.989898989899,1.4279966607226333
5.643478806848299,116.16161616161617,1.189997217268861
5.645549035207439,114.14141414141415,1.1741305877052763
5.651245567390495,159.59595959595958,1.364530142468294
5.652150609115608,111.11111111111111,1.1423973285781066
5.652379838701222,104.04040404040404,1.0313309216330129
5.654245446016829,118.18181818181819,1.2058638468324459
5.654280964743823,186.8686868686869,1.4121300311590486
5.661849375144145,126.26262626262627,1.2534637355232003
5.6646313017171925,137.37373737373738,1.3010636242139548
5.665799580259423,167.67676767676767,1.3803967720318788
5.669935949894842,105.05050505050505,1.0471975511965979
5.67320487424484,176.7676767676768,1.3962634015954636
5.675711323355205,133.33333333333334,1.28519699465037
5.676945300665179,200.0,1.4279966607226333
5.684609324180803,103.03030303030303,0.9837310329422585
5.684730381398184,147.4747474747475,1.3327968833411243
5.686405980432652,153.53535353535352,1.3486635129047093
5.687957433991472,121.21212121212122,1.2217304763960306
5.690347355530274,110.1010101010101,1.1265306990145219
5.692755912817491,187.87878787878788,1.4121300311590486
5.697344332275944,160.60606060606062,1.364530142468294
5.70011123399002,142.42424242424244,1.3169302537775396
5.706014492742914,113.13131313131314,1.1582639581416914
5.70944098698686,168.6868686868687,1.3803967720318788
5.711415723606004,104.04040404040404,1.0154642920694281
5.714209873797078,107.07070707070707,1.0789308103237674
5.714290255560325,177.77777777777777,1.3962634015954636
5.714756875144539,106.06060606060606,1.0630641807601826
5.715872704790909,115.15151515151516,1.1741305877052763
5.719085020874068,109.0909090909091,1.110664069450937
5.719822211881086,138.3838383838384,1.3010636242139548
5.721139573648383,119.1919191919192,1.2058638468324459
5.721304669885495,130.3030303030303,1.269330365086785
5.723162298871048,127.27272727272728,1.2534637355232003
5.7279488450248,124.24242424242425,1.2375971059596156
5.731200759806036,188.8888888888889,1.4121300311590486
5.733019580214137,134.34343434343435,1.28519699465037
5.734889454827906,154.54545454545456,1.3486635129047093
5.735522092622197,148.4848484848485,1.3327968833411243
5.736057770830496,105.05050505050505,1.0313309216330129
5.738547634328414,108.08080808080808,1.0947974398873521
5.739921971859511,117.17171717171718,1.189997217268861
5.743446215094233,161.6161616161616,1.364530142468294
5.7530741346071705,169.6969696969697,1.3803967720318788
5.753153680779625,143.43434343434345,1.3169302537775396
5.755355878841598,178.7878787878788,1.3962634015954636
5.756584380473699,112.12121212121212,1.1423973285781066
5.764950232357401,104.04040404040404,0.9995976625058433
5.765600750441447,111.11111111111111,1.1265306990145219
5.769613763031069,189.8989898989899,1.4121300311590486
5.772211595227922,104.04040404040404,0.9837310329422585
5.778136518095614,114.14141414141415,1.1582639581416914
5.778870179038646,122.22222222222223,1.2217304763960306
5.780713597161549,131.31313131313132,1.269330365086785
5.786336381422492,149.49494949494948,1.3327968833411243
5.788153145365286,120.20202020202021,1.2058638468324459
5.789147263362953,106.06060606060606,1.0471975511965979
5.7903842031004205,135.35353535353536,1.28519699465037
5.7912868593593085,125.25252525252526,1.2375971059596156
5.795294931813534,139.3939393939394,1.3010636242139548
5.795943448381639,107.07070707070707,1.0630641807601826
5.795947925416309,110.1010101010101,1.110664069450937
5.796399904979856,179.7979797979798,1.3962634015954636
5.796603552206511,105.05050505050505,1.0154642920694281
5.796697071137332,170.70707070707073,1.3803967720318788
5.79981348687749,155.55555555555554,1.3486635129047093
5.8046006063809825,162.62626262626264,1.364530142468294
5.806228536947464,144.44444444444446,1.3169302537775396
5.807993184013425,190.90909090909093,1.4121300311590486
5.808189456293797,128.2828282828283,1.2534637355232003
5.808745092236366,118.18181818181819,1.189997217268861
5.815223116333629,116.16161616161617,1.1741305877052763
5.816960322254689,109.0909090909091,1.0947974398873521
5.82882210123131,108.08080808080808,1.0789308103237674
5.830448684610078,113.13131313131314,1.1423973285781066
5.837420499304713,180.80808080808083,1.3962634015954636
5.840187819874834,132.32323232323233,1.269330365086785
5.840307849604391,171.7171717171717,1.3803967720318788
5.844170850934911,123.23232323232324,1.2217304763960306
5.846337288581654,191.91919191919192,1.4121300311590486
5.84830292557376,156.56565656565658,1.3486635129047093
5.850589178948474,140.40404040404042,1.3010636242139548
5.850676127654672,163.63636363636363,1.364530142468294
5.8516076295029364,105.05050505050505,0.9995976625058433
5.854883335788083,150.50505050505052,1.3327968833411243
5.857881664990774,106.06060606060606,1.0313309216330129
5.859333270857037,145.45454545454547,1.3169302537775396
5.869187634351761,136.36363636363637,1.28519699465037
5.869703595652509,129.2929292929293,1.2534637355232003
5.87194541132681,107.07070707070707,1.0471975511965979
5.872988930942543,112.12121212121212,1.1265306990145219
5.8776951303698555,119.1919191919192,1.189997217268861
5.878415831673577,181.8181818181818,1.3962634015954636
5.879427840961383,126.26262626262627,1.2375971059596156
5.880324961386819,115.15151515151516,1.1582639581416914
5.88214772599337,121.21212121212122,1.2058638468324459
5.883904528107509,172.72727272727275,1.3803967720318788
5.884644346980772,192.92929292929296,1.4121300311590486
5.885922222368212,117.17171717171718,1.1741305877052763
5.896747034444063,164.64646464646466,1.364530142468294
5.896798354704855,157.57575757575756,1.3486635129047093
5.901104297239653,105.05050505050505,0.9837310329422585
5.905728058482972,151.5151515151515,1.3327968833411243
5.905921903777229,141.41414141414143,1.3010636242139548
5.9059381692002795,111.11111111111111,1.110664069450937
5.908946149155588,109.0909090909091,1.0789308103237674
5.9095700603075185,124.24242424242425,1.2217304763960306
5.912675823738901,193.93939393939394,1.4121300311590486
5.913283573989363,108.08080808080808,1.0630641807601826
5.919384076562176,182.82828282828285,1.3962634015954636
5.920994951955264,106.06060606060606,1.0154642920694281
5.922226944632145,133.33333333333334,1.269330365086785
5.926677534441766,137.37373737373738,1.28519699465037
5.929478427914143,110.1010101010101,1.0947974398873521
5.93128987555697,130.3030303030303,1.2534637355232003
5.931412294306172,146.46464646464648,1.3169302537775396
5.935405008917901,114.14141414141415,1.1423973285781066
5.940937244962101,173.73737373737373,1.3803967720318788
5.94225091699533,107.07070707070707,1.0313309216330129
5.942811271950235,165.65656565656565,1.364530142468294
5.9429897502585325,127.27272727272728,1.2375971059596156
5.945127786892887,105.05050505050505,0.9678644033786736
5.94529758230984,158.5858585858586,1.3486635129047093
5.948715299697441,113.13131313131314,1.1265306990145219
5.94945436554049,122.22222222222223,1.2058638468324459
5.950965532361847,194.94949494949498,1.4121300311590486
5.952846248204749,116.16161616161617,1.1582639581416914
5.956586560834664,152.52525252525254,1.3327968833411243
5.960323413156071,183.83838383838383,1.3962634015954636
5.961290415592142,142.42424242424244,1.3010636242139548
5.974706649057051,120.20202020202021,1.189997217268861
5.978521988268553,106.06060606060606,0.9995976625058433
5.981851190013163,134.34343434343435,1.269330365086785
5.983303210275737,112.12121212121212,1.110664069450937
5.984213038128639,138.3838383838384,1.28519699465037
5.984458646941554,174.74747474747477,1.3803967720318788
5.984568879124407,147.4747474747475,1.3169302537775396
5.9856753495065345,118.18181818181819,1.1741305877052763
5.98886679162385,166.66666666666669,1.364530142468294
5.989214201963712,195.95959595959596,1.4121300311590486
5.991967649417858,108.08080808080808,1.0471975511965979
5.993798424032123,159.59595959595958,1.3486635129047093
5.995078285142504,109.0909090909091,1.0630641807601826
6.0008897939663735,125.25252525252526,1.2217304763960306
6.001232025443097,184.84848484848487,1.3962634015954636
6.0066315281555145,128.2828282828283,1.2375971059596156
6.006895145375325,107.07070707070707,1.0154642920694281
6.007456509975517,153.53535353535352,1.3327968833411243
6.008423984115191,111.11111111111111,1.0947974398873521
6.009693846019787,115.15151515151516,1.1423973285781066
6.016567580632433,131.31313131313132,1.2534637355232003
6.024259747397726,110.1010101010101,1.0789308103237674
6.027420115201222,196.96969696969697,1.4121300311590486
6.027958766555233,175.75757575757575,1.3803967720318788
6.030497596631879,106.06060606060606,0.9837310329422585
6.0349115512000235,167.67676767676767,1.364530142468294
6.034915676850723,106.06060606060606,0.9678644033786736
6.036842033541104,143.43434343434345,1.3010636242139548
6.037745986706411,148.4848484848485,1.3169302537775396
6.041529286176193,135.35353535353536,1.269330365086785
6.041791282398908,139.3939393939394,1.28519699465037
6.0421081023066225,185.85858585858585,1.3962634015954636
6.042298703117521,160.60606060606062,1.3486635129047093
6.043730489632306,123.23232323232324,1.2058638468324459
6.043968922931258,121.21212121212122,1.189997217268861
6.055470167262568,117.17171717171718,1.1582639581416914
6.056642933720146,114.14141414141415,1.1265306990145219
6.0567190124844865,119.1919191919192,1.1741305877052763
6.058335582322051,154.54545454545456,1.3327968833411243
6.064910011868219,108.08080808080808,1.0313309216330129
6.0655815596002025,197.97979797979798,1.4121300311590486
6.065913257711002,107.07070707070707,0.9995976625058433
6.0665277696777915,126.26262626262627,1.2217304763960306
6.071435688794304,176.7676767676768,1.3803967720318788
6.075392663613565,109.0909090909091,1.0471975511965979
6.078322731705168,132.32323232323233,1.2534637355232003
6.080943514735884,168.6868686868687,1.364530142468294
6.082949837619586,186.8686868686869,1.3962634015954636
6.0907962504156155,161.6161616161616,1.3486635129047093
6.090941136424767,149.49494949494948,1.3169302537775396
6.092279763418265,144.44444444444446,1.3010636242139548
6.0938725602435815,113.13131313131314,1.110664069450937
6.095070384775859,129.2929292929293,1.2375971059596156
6.101258183788212,136.36363636363637,1.269330365086785
6.103696827665533,198.989898989899,1.4121300311590486
6.104933180332761,111.11111111111111,1.0789308103237674
6.1092214635381055,155.55555555555554,1.3327968833411243
6.111302523877959,124.24242424242425,1.2058638468324459
6.1131413918890924,110.1010101010101,1.0630641807601826
6.114887504171074,177.77777777777777,1.3803967720318788
6.115120249155933,116.16161616161617,1.1423973285781066
6.119340363210464,107.07070707070707,0.9837310329422585
6.12073484882226,140.40404040404042,1.28519699465037
6.121562829769226,112.12121212121212,1.0947974398873521
6.123755430339204,187.87878787878788,1.3962634015954636
6.126960652650579,169.6969696969697,1.364530142468294
6.12788585537149,120.20202020202021,1.1741305877052763
6.128358441222194,118.18181818181819,1.1582639581416914
6.132146374452301,108.08080808080808,1.0154642920694281
6.132250551223366,127.27272727272728,1.2217304763960306
6.132806822522827,115.15151515151516,1.1265306990145219
6.139288904384372,162.62626262626264,1.3486635129047093
6.140137918673108,133.33333333333334,1.2534637355232003
6.141288481596493,122.22222222222223,1.189997217268861
6.141764216990816,200.0,1.4121300311590486
6.144151858825746,150.50505050505052,1.3169302537775396
6.147743362299078,145.45454545454547,1.3010636242139548
6.158312308790722,178.7878787878788,1.3803967720318788
6.1589019423584555,130.3030303030303,1.2375971059596156
6.164523084602299,188.8888888888889,1.3962634015954636
6.167211495567163,107.07070707070707,0.9678644033786736
6.171702766168836,114.14141414141415,1.110664069450937
6.172960941767863,170.70707070707073,1.364530142468294
6.177618647240858,156.56565656565658,1.3327968833411243
6.178402214430712,141.41414141414143,1.28519699465037
6.178968742697294,125.25252525252526,1.2058638468324459
6.183505966007452,137.37373737373738,1.269330365086785
6.187962410172232,109.0909090909091,1.0313309216330129
6.189799915958337,117.17171717171718,1.1423973285781066
6.193712432912897,108.08080808080808,0.9995976625058433
6.19550241773744,111.11111111111111,1.0630641807601826
6.196159824901117,110.1010101010101,1.0471975511965979
6.201002727953108,113.13131313131314,1.0947974398873521
6.201378032142867,119.1919191919192,1.1582639581416914
6.20170820442468,179.7979797979798,1.3803967720318788
6.202009911965761,134.34343434343435,1.2534637355232003
6.203230199321864,146.46464646464648,1.3010636242139548
6.203896184643182,163.63636363636363,1.3486635129047093
6.20525100982102,189.8989898989899,1.3962634015954636
6.209561598161467,107.07070707070707,0.9519977738150889
6.21083403350428,123.23232323232324,1.189997217268861
6.216168108015864,151.5151515151515,1.3169302537775396
6.218712206622963,109.0909090909091,1.0154642920694281
6.218942365360952,171.7171717171717,1.364530142468294
6.220886878231402,112.12121212121212,1.0789308103237674
6.2228005701819065,131.31313131313132,1.2375971059596156
6.22389755862835,128.2828282828283,1.2217304763960306
6.228184799711636,121.21212121212122,1.1741305877052763
6.228492574925796,157.57575757575756,1.3327968833411243
6.236101797843085,142.42424242424244,1.28519699465037
6.241219614644808,116.16161616161617,1.1265306990145219
6.243346561748573,138.3838383838384,1.269330365086785
6.245073298585297,180.80808080808083,1.3803967720318788
6.245937420779243,190.90909090909093,1.3962634015954636
6.249643830714384,108.08080808080808,0.9837310329422585
6.252343177946929,164.64646464646466,1.3486635129047093
6.257757316639369,108.08080808080808,0.9678644033786736
6.2646196519645825,118.18181818181819,1.1423973285781066
6.264902913199708,172.72727272727275,1.364530142468294
6.269392369130325,152.52525252525254,1.3169302537775396
6.273351591782161,110.1010101010101,1.0313309216330129
6.2736270699257615,126.26262626262627,1.2058638468324459
6.275142230182866,191.91919191919192,1.3962634015954636
6.278763391893056,147.4747474747475,1.3010636242139548
6.279364738027474,158.5858585858586,1.3327968833411243
6.2801685026373795,111.11111111111111,1.0471975511965979
6.2804799982232264,124.24242424242425,1.189997217268861
6.28062184528006,114.14141414141415,1.0947974398873521
6.281789399377515,109.0909090909091,0.9995976625058433
6.282794794579476,115.15151515151516,1.110664069450937
6.28676284818953,132.32323232323233,1.2375971059596156
6.287547123432396,135.35353535353536,1.2534637355232003
6.288405704601822,181.8181818181818,1.3803967720318788
6.289823346628439,129.2929292929293,1.2217304763960306
6.293830805401184,143.43434343434345,1.28519699465037
6.29965410941037,122.22222222222223,1.1741305877052763
6.300777267634037,165.65656565656565,1.3486635129047093
6.301489929080396,108.08080808080808,0.9519977738150889
6.302069844909873,113.13131313131314,1.0789308103237674
6.3032267870934895,139.3939393939394,1.269330365086785
6.304591470794707,120.20202020202021,1.1582639581416914
6.310840581599964,173.73737373737373,1.364530142468294
6.314225302550252,112.12121212121212,1.0630641807601826
6.315802664564479,192.92929292929296,1.3962634015954636
6.317786082155049,117.17171717171718,1.1265306990145219
6.322623069485895,153.53535353535352,1.3169302537775396
6.33023286539574,159.59595959595958,1.3327968833411243
6.33170354169763,182.82828282828285,1.3803967720318788
6.334286007467761,148.4848484848485,1.3010636242139548
6.339192810170988,109.0909090909091,0.9837310329422585
6.341521013117323,127.27272727272728,1.2058638468324459
6.344753259048311,110.1010101010101,1.0154642920694281
6.34919632919278,166.66666666666669,1.3486635129047093
6.349547572046424,136.36363636363637,1.2534637355232003
6.3558205008976865,130.3030303030303,1.2217304763960306
6.35641748613627,193.93939393939394,1.3962634015954636
6.356753373474981,174.74747474747477,1.364530142468294
6.361053738586796,116.16161616161617,1.110664069450937
6.363143672244026,140.40404040404042,1.269330365086785
6.370681843718678,119.1919191919192,1.1423973285781066
6.372811644640529,144.44444444444446,1.28519699465037
6.374964935068533,183.83838383838383,1.3803967720318788
6.375517248278618,133.33333333333334,1.2375971059596156
6.375857790393735,154.54545454545456,1.3169302537775396
6.377934051259527,121.21212121212122,1.1582639581416914
6.37821680097364,125.25252525252526,1.189997217268861
6.381094695116364,160.60606060606062,1.3327968833411243
6.389822152637059,149.49494949494948,1.3010636242139548
6.390958288453455,109.0909090909091,0.9678644033786736
6.394600001259928,115.15151515151516,1.0947974398873521
6.396984925195532,194.94949494949498,1.3962634015954636
6.397111457471222,113.13131313131314,1.0630641807601826
6.397130799513981,111.11111111111111,1.0313309216330129
6.397598245903271,167.67676767676767,1.3486635129047093
6.40024231735823,123.23232323232324,1.1741305877052763
6.401615443715244,112.12121212121212,1.0471975511965979
6.4026392983888645,175.75757575757575,1.364530142468294
6.409494945454534,128.2828282828283,1.2058638468324459
6.41040136658112,110.1010101010101,0.9995976625058433
6.4115930288046865,137.37373737373738,1.2534637355232003
6.418188015962186,184.84848484848487,1.3803967720318788
6.418603160991894,114.14141414141415,1.0789308103237674
6.426630423007918,118.18181818181819,1.1265306990145219
6.429094124145431,155.55555555555554,1.3169302537775396
6.430594383738901,145.45454545454547,1.28519699465037
6.431938735434307,111.11111111111111,1.0154642920694281
6.431947974495448,161.6161616161616,1.3327968833411243
6.437121579904195,109.0909090909091,0.9519977738150889
6.437503217806623,195.95959595959596,1.3962634015954636
6.439626702651272,134.34343434343435,1.2375971059596156
6.445369255789756,150.50505050505052,1.3010636242139548
6.44549141278831,141.41414141414143,1.269330365086785
6.445846455583986,120.20202020202021,1.1423973285781066
6.445980908859227,168.6868686868687,1.3486635129047093
6.447716426710255,131.31313131313132,1.2217304763960306
6.4481066238904905,126.26262626262627,1.189997217268861
6.448496372611979,176.7676767676768,1.364530142468294
6.4613709217583715,185.85858585858585,1.3803967720318788
6.470332391228783,110.1010101010101,0.9837310329422585
6.471984247416592,124.24242424242425,1.1741305877052763
6.472612743653614,117.17171717171718,1.110664069450937
6.4746608587965335,116.16161616161617,1.0947974398873521
6.4779706058998965,196.96969696969697,1.3962634015954636
6.48146479040607,122.22222222222223,1.1582639581416914
6.482329673962353,156.56565656565658,1.3169302537775396
6.482790460047343,162.62626262626264,1.3327968833411243
6.4830947189884105,112.12121212121212,1.0313309216330129
6.486165255130483,113.13131313131314,1.0471975511965979
6.488396263328482,146.46464646464648,1.28519699465037
6.494322619178001,177.77777777777777,1.364530142468294
6.494342216992415,169.6969696969697,1.3486635129047093
6.497219908546926,138.3838383838384,1.2534637355232003
6.499116622151499,111.11111111111111,0.9995976625058433
6.500256422340914,115.15151515151516,1.0789308103237674
6.500924758237181,151.5151515151515,1.3010636242139548
6.503565047040661,119.1919191919192,1.1265306990145219
6.503787350290434,135.35353535353536,1.2375971059596156
6.504453235726165,129.2929292929293,1.2058638468324459
6.504511796050254,186.8686868686869,1.3803967720318788
6.505482529832286,142.42424242424244,1.269330365086785
6.513881515134714,132.32323232323233,1.2217304763960306
6.516431753995316,114.14141414141415,1.0630641807601826
6.518081976081891,127.27272727272728,1.189997217268861
6.518385337370418,197.97979797979798,1.3962634015954636
6.524582720500817,110.1010101010101,0.9678644033786736
6.529777946927628,110.1010101010101,0.9519977738150889
6.533619917485902,163.63636363636363,1.3327968833411243
6.534858531778904,187.87878787878788,1.3803967720318788
6.53556205394873,157.57575757575756,1.3169302537775396
6.540116067942921,178.7878787878788,1.364530142468294
6.542680077099704,170.70707070707073,1.3486635129047093
6.54382202003211,125.25252525252526,1.1741305877052763
6.546214558017746,147.4747474747475,1.28519699465037
6.551264551110327,118.18181818181819,1.110664069450937
6.552255730471847,121.21212121212122,1.1423973285781066
6.555099197157164,123.23232323232324,1.1582639581416914
6.556486114128881,152.52525252525254,1.3010636242139548
6.558700559361371,112.12121212121212,1.0154642920694281
6.558745666176741,198.989898989899,1.3962634015954636
6.559362782807186,139.3939393939394,1.2534637355232003
6.560538749957038,111.11111111111111,0.9837310329422585
6.565499405735834,143.43434343434345,1.269330365086785
6.5692689931348305,113.13131313131314,1.0313309216330129
6.57173998860843,110.1010101010101,0.936131144251504
6.572617972888645,130.3030303030303,1.2058638468324459
6.577969919897509,188.8888888888889,1.3803967720318788
6.580104820495816,133.33333333333334,1.2217304763960306
6.580630811637865,120.20202020202021,1.1265306990145219
6.584434121718908,164.64646464646466,1.3327968833411243
6.585874755645552,179.7979797979798,1.364530142468294
6.589120602985161,117.17171717171718,1.0947974398873521
6.590992403872601,171.7171717171717,1.3486635129047093
6.592670566700445,136.36363636363637,1.2375971059596156
6.599049852439312,200.0,1.3962634015954636
6.599802499711695,115.15151515151516,1.0630641807601826
6.604046557386637,148.4848484848485,1.28519699465037
6.607331941535782,158.5858585858586,1.3169302537775396
6.608227717041307,114.14141414141415,1.0471975511965979
6.616150220460866,128.2828282828283,1.189997217268861
6.616241796420269,111.11111111111111,0.9678644033786736
6.617309688074682,116.16161616161617,1.0789308103237674
6.621035040414642,189.8989898989899,1.3803967720318788
6.621539102271622,140.40404040404042,1.2534637355232003
6.625539148663161,144.44444444444446,1.269330365086785
6.62773270503306,122.22222222222223,1.1423973285781066
6.628470360101463,112.12121212121212,0.9995976625058433
6.628836301216743,124.24242424242425,1.1582639581416914
6.630056697019179,119.1919191919192,1.110664069450937
6.6315967259694855,180.80808080808083,1.364530142468294
6.631890407810673,153.53535353535352,1.3010636242139548
6.635230856845753,165.65656565656565,1.3327968833411243
6.639277119929194,172.72727272727275,1.3486635129047093
6.640848822503339,131.31313131313132,1.2058638468324459
6.644800466103465,126.26262626262627,1.1741305877052763
6.646460429940692,113.13131313131314,1.0154642920694281
6.656945718670682,137.37373737373738,1.2375971059596156
6.660527468595224,159.59595959595958,1.3169302537775396
6.66405205523702,190.90909090909093,1.3803967720318788
6.666042089506014,111.11111111111111,0.936131144251504
6.666262322157456,111.11111111111111,0.9519977738150889
6.669586093222962,118.18181818181819,1.0947974398873521
6.6721727065836,134.34343434343435,1.2217304763960306
6.6772800296068,181.8181818181818,1.364530142468294
6.682969383387401,149.49494949494948,1.28519699465037
6.683745795205945,141.41414141414143,1.2534637355232003
6.685598883964013,145.45454545454547,1.269330365086785
6.686330825724303,129.2929292929293,1.189997217268861
6.687440953550634,154.54545454545456,1.3010636242139548
6.687532155848427,173.73737373737373,1.3486635129047093
6.690056916266926,121.21212121212122,1.1265306990145219
6.692441442888556,112.12121212121212,0.9837310329422585
6.693276815208992,115.15151515151516,1.0471975511965979
6.694029349086481,114.14141414141415,1.0313309216330129
6.699394625270459,117.17171717171718,1.0789308103237674
6.703111491111115,166.66666666666669,1.3327968833411243
6.703319810409041,123.23232323232324,1.1423973285781066
6.707019132809799,191.91919191919192,1.3803967720318788
6.708152079797421,112.12121212121212,0.9678644033786736
6.713710997221279,160.60606060606062,1.3169302537775396
6.7168702614356315,127.27272727272728,1.1741305877052763
6.717777277814391,113.13131313131314,0.9995976625058433
6.7196587020594425,116.16161616161617,1.0630641807601826
6.721259868247315,138.3838383838384,1.2375971059596156
6.722922724322808,182.82828282828285,1.364530142468294
6.7327944904066666,125.25252525252526,1.1582639581416914
6.735755450206557,174.74747474747477,1.3486635129047093
6.736026340474704,132.32323232323233,1.2058638468324459
6.738529566078688,135.35353535353536,1.2217304763960306
6.740813168986802,150.50505050505052,1.28519699465037
6.742244931989183,120.20202020202021,1.110664069450937
6.7429879469483005,155.55555555555554,1.3010636242139548
6.745979809441839,142.42424242424244,1.2534637355232003
6.749934448202804,192.92929292929296,1.3803967720318788
6.753830771064181,167.67676767676767,1.3327968833411243
6.756582423206582,130.3030303030303,1.189997217268861
6.759595385527239,112.12121212121212,0.9519977738150889
6.766880192297894,161.6161616161616,1.3169302537775396
6.767443955016111,122.22222222222223,1.1265306990145219
6.767957883854473,146.46464646464648,1.269330365086785
6.768522875022294,183.83838383838383,1.364530142468294
6.773874955516733,114.14141414141415,1.0154642920694281
6.780718011103028,115.15151515151516,1.0313309216330129
6.781634538212867,118.18181818181819,1.0789308103237674
6.7832571650634055,113.13131313131314,0.9837310329422585
6.7839449496157735,175.75757575757575,1.3486635129047093
6.7844707114989795,119.1919191919192,1.0947974398873521
6.7856097716549595,139.3939393939394,1.2375971059596156
6.789020570566835,128.2828282828283,1.1741305877052763
6.792796183197142,193.93939393939394,1.3803967720318788
6.798528900653126,156.56565656565658,1.3010636242139548
6.7986606672295125,151.5151515151515,1.28519699465037
6.80347415590588,117.17171717171718,1.0630641807601826
6.804411830168456,133.33333333333334,1.2058638468324459
6.804524380391313,168.6868686868687,1.3327968833411243
6.804931781480777,136.36363636363637,1.2217304763960306
6.805355005150939,112.12121212121212,0.936131144251504
6.806781028261702,126.26262626262627,1.1582639581416914
6.8101961738771735,124.24242424242425,1.1423973285781066
6.814078553816797,184.84848484848487,1.364530142468294
6.815891447695368,116.16161616161617,1.0471975511965979
6.820032729524352,162.62626262626264,1.3169302537775396
6.821381070322092,121.21212121212122,1.110664069450937
6.828047495227774,147.4747474747475,1.269330365086785
6.8316957471552096,143.43434343434345,1.2534637355232003
6.832098608764853,176.7676767676768,1.3486635129047093
6.8356025263719316,194.94949494949498,1.3803967720318788
6.842937608545222,113.13131313131314,0.9678644033786736
6.847802797064363,114.14141414141415,0.9995976625058433
6.854061339903846,157.57575757575756,1.3010636242139548
6.8548979279198266,131.31313131313132,1.189997217268861
6.855190147703932,169.6969696969697,1.3327968833411243
6.856509234777814,152.52525252525254,1.28519699465037
6.859587840093126,185.85858585858585,1.364530142468294
6.862164725693421,115.15151515151516,1.0154642920694281
6.865304319840246,120.20202020202021,1.0947974398873521
6.871375927099674,137.37373737373738,1.2217304763960306
6.872849871960398,134.34343434343435,1.2058638468324459
6.873166295389475,163.63636363636363,1.3169302537775396
6.87459653254967,140.40404040404042,1.2375971059596156
6.8771761431357215,123.23232323232324,1.1265306990145219
6.878351673191405,195.95959595959596,1.3803967720318788
6.880214390461744,177.77777777777777,1.3486635129047093
6.880854225774173,127.27272727272728,1.1582639581416914
6.886051407566483,125.25252525252526,1.1423973285781066
6.887449600894111,118.18181818181819,1.0630641807601826
6.888146526949591,148.4848484848485,1.269330365086785
6.890301044201885,129.2929292929293,1.1741305877052763
6.893980255686694,144.44444444444446,1.2534637355232003
6.8968559952453425,113.13131313131314,0.9519977738150889
6.899387627919444,119.1919191919192,1.0789308103237674
6.90033303468029,113.13131313131314,0.936131144251504
6.900638909201548,122.22222222222223,1.110664069450937
6.901398677122261,117.17171717171718,1.0471975511965979
6.905048820582768,186.8686868686869,1.364530142468294
6.905825910944114,170.70707070707073,1.3327968833411243
6.906047114283715,116.16161616161617,1.0313309216330129
6.909582802467582,158.5858585858586,1.3010636242139548
6.9143562428440815,153.53535353535352,1.28519699465037
6.915851050506913,114.14141414141415,0.9837310329422585
6.921041826091935,196.96969696969697,1.3803967720318788
6.925316991411299,132.32323232323233,1.189997217268861
6.926278587149266,164.64646464646466,1.3169302537775396
6.928290265678012,178.7878787878788,1.3486635129047093
6.935456127160992,114.14141414141415,0.9678644033786736
6.93765554227885,115.15151515151516,0.9995976625058433
6.9390202135691075,141.41414141414143,1.2375971059596156
6.941336847974849,135.35353535353536,1.2058638468324459
6.94180178623132,113.13131313131314,0.9202645146879193
6.946268642153466,121.21212121212122,1.0947974398873521
6.948252180523627,149.49494949494948,1.269330365086785
6.950459589432276,187.87878787878788,1.364530142468294
6.954851316497083,124.24242424242425,1.1265306990145219
6.956280891440054,145.45454545454547,1.2534637355232003
6.956429517398422,171.7171717171717,1.3327968833411243
6.962000004597527,126.26262626262627,1.1423973285781066
6.96264366247953,130.3030303030303,1.1741305877052763
6.963598189347738,138.3838383838384,1.2217304763960306
6.963671194569158,197.97979797979798,1.3803967720318788
6.965090838582925,159.59595959595958,1.3010636242139548
6.972199077096291,154.54545454545456,1.28519699465037
6.976324213595026,179.7979797979798,1.3486635129047093
6.979367312807819,165.65656565656565,1.3169302537775396
6.982006600156965,120.20202020202021,1.0789308103237674
6.985148020408328,128.2828282828283,1.1582639581416914
6.990164890373914,116.16161616161617,1.0154642920694281
6.990815311999111,114.14141414141415,0.9519977738150889
6.993207726356964,117.17171717171718,1.0313309216330129
6.995792853725245,133.33333333333334,1.189997217268861
6.995818248274525,188.8888888888889,1.364530142468294
7.003467787661628,142.42424242424244,1.2375971059596156
7.006237995265123,198.989898989899,1.3803967720318788
7.006998823714254,172.72727272727275,1.3327968833411243
7.0072289499495275,115.15151515151516,0.9837310329422585
7.008026582405194,119.1919191919192,1.0630641807601826
7.008361674061681,150.50505050505052,1.269330365086785
7.01335155910779,123.23232323232324,1.110664069450937
7.018594688160011,146.46464646464648,1.2534637355232003
7.020583010906724,160.60606060606062,1.3010636242139548
7.024314221651848,180.80808080808083,1.3486635129047093
7.024503060868188,118.18181818181819,1.0471975511965979
7.030035137567682,155.55555555555554,1.28519699465037
7.030133056774312,139.3939393939394,1.2217304763960306
7.032430191101409,166.66666666666669,1.3169302537775396
7.03262712644387,125.25252525252526,1.1265306990145219
7.035051839168474,131.31313131313132,1.1741305877052763
7.036724698144003,136.36363636363637,1.2058638468324459
7.038396101785893,114.14141414141415,0.9202645146879193
7.0404125338197145,114.14141414141415,0.936131144251504
7.04112290630063,189.8989898989899,1.364530142468294
7.048740452055211,200.0,1.3803967720318788
7.057531695918693,173.73737373737373,1.3327968833411243
7.05942920941934,129.2929292929293,1.1582639581416914
7.061723720186855,122.22222222222223,1.0947974398873521
7.064760419069191,121.21212121212122,1.0789308103237674
7.06793610741464,143.43434343434345,1.2375971059596156
7.068283911075709,116.16161616161617,0.9995976625058433
7.06924789762869,127.27272727272728,1.1423973285781066
7.070923314818345,115.15151515151516,0.9678644033786736
7.0722582855946685,181.8181818181818,1.3486635129047093
7.078940830011626,117.17171717171718,1.0154642920694281
7.0809186984236,147.4747474747475,1.2534637355232003
7.085006572473416,115.15151515151516,0.9519977738150889
7.085464951485732,167.67676767676767,1.3169302537775396
7.086371680332625,190.90909090909093,1.364530142468294
7.0905785468158875,151.5151515151515,1.269330365086785
7.092392402085877,120.20202020202021,1.0630641807601826
7.0929056712184675,124.24242424242425,1.110664069450937
7.094273093633378,134.34343434343435,1.189997217268861
7.095578653580048,161.6161616161616,1.3010636242139548
7.0966973626692385,140.40404040404042,1.2217304763960306
7.098813070490546,116.16161616161617,0.9837310329422585
7.105321279114907,137.37373737373738,1.2058638468324459
7.107521571944726,132.32323232323233,1.1741305877052763
7.108026009439598,174.74747474747477,1.3327968833411243
7.108700487026366,156.56565656565658,1.28519699465037
7.110427964539517,119.1919191919192,1.0471975511965979
7.119041354745219,118.18181818181819,1.0313309216330129
7.120154409527724,182.82828282828285,1.3486635129047093
7.131562694896707,191.91919191919192,1.364530142468294
7.13242204664036,144.44444444444446,1.2375971059596156
7.133781422438138,130.3030303030303,1.1582639581416914
7.136015042081379,115.15151515151516,0.936131144251504
7.138469334126277,168.6868686868687,1.3169302537775396
7.142769160098506,126.26262626262627,1.1265306990145219
7.143006471273318,123.23232323232324,1.0947974398873521
7.145421406151319,128.2828282828283,1.1423973285781066
7.150674864849777,152.52525252525254,1.269330365086785
7.151001622080769,162.62626262626264,1.3010636242139548
7.158479649129116,175.75757575757575,1.3327968833411243
7.158637450815969,117.17171717171718,0.9995976625058433
7.1632877880381285,141.41414141414143,1.2217304763960306
7.16400189465597,116.16161616161617,0.9678644033786736
7.164879455528971,135.35353535353536,1.189997217268861
7.166493428545866,157.57575757575756,1.28519699465037
7.1665618372921385,148.4848484848485,1.2534637355232003
7.1678930697991,118.18181818181819,1.0154642920694281
7.168000605965664,183.83838383838383,1.3486635129047093
7.172563338974221,125.25252525252526,1.110664069450937
7.173953639008384,138.3838383838384,1.2058638468324459
7.176694082296938,192.92929292929296,1.364530142468294
7.181262266461326,115.15151515151516,0.9202645146879193
7.183101036205507,122.22222222222223,1.0789308103237674
7.19144108989151,169.6969696969697,1.3169302537775396
7.196502478578477,120.20202020202021,1.0471975511965979
7.206399717399981,163.63636363636363,1.3010636242139548
7.206632213955725,119.1919191919192,1.0313309216330129
7.208200469483064,131.31313131313132,1.1582639581416914
7.208890509289194,176.7676767676768,1.3327968833411243
7.209109557175988,133.33333333333334,1.1741305877052763
7.21076477726742,153.53535353535352,1.269330365086785
7.21336150637509,121.21212121212122,1.0630641807601826
7.215794895887083,184.84848484848487,1.3486635129047093
7.220788066035969,127.27272727272728,1.1265306990145219
7.221413801036082,145.45454545454547,1.2375971059596156
7.221671941727249,129.2929292929293,1.1423973285781066
7.221763982689459,193.93939393939394,1.364530142468294
7.223312896290197,116.16161616161617,0.9519977738150889
7.224269999177877,158.5858585858586,1.28519699465037
7.224401004762531,124.24242424242425,1.0947974398873521
7.228890860909442,149.49494949494948,1.2534637355232003
7.2318493471901295,116.16161616161617,0.936131144251504
7.232336947209817,117.17171717171718,0.9837310329422585
7.235528763491554,136.36363636363637,1.189997217268861
7.242618277428157,139.3939393939394,1.2058638468324459
7.244377980349105,170.70707070707073,1.3169302537775396
7.249173151854811,118.18181818181819,0.9995976625058433
7.255543760319879,142.42424242424244,1.2217304763960306
7.259256493699255,177.77777777777777,1.3327968833411243
7.261770560285777,164.64646464646466,1.3010636242139548
7.2635353087894785,185.85858585858585,1.3486635129047093
7.266182590357548,123.23232323232324,1.0789308103237674
7.266770544157039,194.94949494949498,1.364530142468294
7.2708455768870515,154.54545454545456,1.269330365086785
7.278478770203698,116.16161616161617,0.9202645146879193
7.281722188464211,134.34343434343435,1.1741305877052763
7.282027664766606,159.59595959595958,1.28519699465037
7.285697825839902,126.26262626262627,1.110664069450937
7.285925450742871,146.46464646464648,1.2375971059596156
7.291219268043214,150.50505050505052,1.2534637355232003
7.294377622584542,120.20202020202021,1.0313309216330129
7.29667975227997,119.1919191919192,1.0154642920694281
7.297277777764756,171.7171717171717,1.3169302537775396
7.298079435498912,122.22222222222223,1.0630641807601826
7.298890550680995,128.2828282828283,1.1265306990145219
7.30007854332727,117.17171717171718,0.9678644033786736
7.306217325496772,137.37373737373738,1.189997217268861
7.309575515645839,178.7878787878788,1.3327968833411243
7.311219882745129,186.8686868686869,1.3486635129047093
7.311711922783775,195.95959595959596,1.364530142468294
7.312840581542455,132.32323232323233,1.1582639581416914
7.317111783796084,165.65656565656565,1.3010636242139548
7.318061596667308,117.17171717171718,0.9519977738150889
7.319348267847924,116.16161616161617,0.9043978851243344
7.320263456672725,121.21212121212122,1.0471975511965979
7.322183237107933,143.43434343434345,1.2217304763960306
7.324418914143856,118.18181818181819,0.9837310329422585
7.329197818358885,130.3030303030303,1.1423973285781066
7.3309145726554865,155.55555555555554,1.269330365086785
7.3380899516325355,140.40404040404042,1.2058638468324459
7.339763905234326,160.60606060606062,1.28519699465037
7.340320031295845,125.25252525252526,1.0947974398873521
7.349379414842037,124.24242424242425,1.0789308103237674
7.350138265103883,172.72727272727275,1.3169302537775396
7.350443263505893,147.4747474747475,1.2375971059596156
7.353544195102508,151.5151515151515,1.2534637355232003
7.354381898420547,135.35353535353536,1.1741305877052763
7.356586282730215,196.96969696969697,1.364530142468294
7.358846664458117,187.87878787878788,1.3486635129047093
7.359845497954097,179.7979797979798,1.3327968833411243
7.365605201551866,127.27272727272728,1.110664069450937
7.372421033265734,166.66666666666669,1.3010636242139548
7.372960916616856,117.17171717171718,0.936131144251504
7.3759267736197645,117.17171717171718,0.9202645146879193
7.377072029923848,129.2929292929293,1.1265306990145219
7.380610928915516,119.1919191919192,0.9995976625058433
7.382921842397975,123.23232323232324,1.0630641807601826
7.386058598986749,120.20202020202021,1.0154642920694281
7.387416081828945,133.33333333333334,1.1582639581416914
7.38812303146503,197.97979797979798,1.364530142468294
7.3888367060292195,144.44444444444446,1.2217304763960306
7.390969089543311,156.56565656565658,1.269330365086785
7.393669889760074,118.18181818181819,0.9678644033786736
7.397476214514053,161.6161616161616,1.28519699465037
7.40295723603579,173.73737373737373,1.3169302537775396
7.404836566358189,138.3838383838384,1.189997217268861
7.40563106701566,131.31313131313132,1.1423973285781066
7.406413709322307,188.8888888888889,1.3486635129047093
7.406700587797137,122.22222222222223,1.0471975511965979
7.406820424920563,141.41414141414143,1.2058638468324459
7.410064373021149,180.80808080808083,1.3327968833411243
7.4149642067900325,148.4848484848485,1.2375971059596156
7.415862796691496,152.52525252525254,1.2534637355232003
7.4181499136665545,117.17171717171718,0.9043978851243344
7.4208872904452905,121.21212121212122,1.0313309216330129
7.421984528926082,126.26262626262627,1.0947974398873521
7.427084824007328,136.36363636363637,1.1741305877052763
7.427695966276896,167.67676767676767,1.3010636242139548
7.4329333016299595,198.989898989899,1.364530142468294
7.445598476958821,128.2828282828283,1.110664069450937
7.451006468444138,157.57575757575756,1.269330365086785
7.453919081480145,189.8989898989899,1.3486635129047093
7.455162100486098,162.62626262626264,1.28519699465037
7.455500952264947,145.45454545454547,1.2217304763960306
7.456965447048134,118.18181818181819,0.9519977738150889
7.458465979043205,119.1919191919192,0.9837310329422585
7.460230082851028,181.8181818181818,1.3327968833411243
7.462043295062352,134.34343434343435,1.1582639581416914
7.468197766858357,125.25252525252526,1.0789308103237674
7.469349543029215,118.18181818181819,0.936131144251504
7.471586090434835,120.20202020202021,0.9995976625058433
7.473545618624278,174.74747474747477,1.3169302537775396
7.475570420419368,142.42424242424244,1.2058638468324459
7.475609660961882,139.3939393939394,1.189997217268861
7.477672355238223,200.0,1.364530142468294
7.478172245473696,153.53535353535352,1.2534637355232003
7.479485268488996,149.49494949494948,1.2375971059596156
7.482125433421498,132.32323232323233,1.1423973285781066
7.482934252632608,168.6868686868687,1.3010636242139548
7.487448718317138,119.1919191919192,0.9678644033786736
7.4876468403848015,130.3030303030303,1.1265306990145219
7.493266264542734,123.23232323232324,1.0471975511965979
7.501360853882245,190.90909090909093,1.3486635129047093
7.503742396981237,127.27272727272728,1.0947974398873521
7.504414695206048,124.24242424242425,1.0630641807601826
7.509006197819291,122.22222222222223,1.0313309216330129
7.510340579091331,182.82828282828285,1.3327968833411243
7.511024066078084,158.5858585858586,1.269330365086785
7.512819084918173,163.63636363636363,1.28519699465037
7.515274330547098,121.21212121212122,1.0154642920694281
7.517182613642523,118.18181818181819,0.9043978851243344
7.519809980127682,118.18181818181819,0.9202645146879193
7.522172783829273,146.46464646464648,1.2217304763960306
7.526224143001318,175.75757575757575,1.3169302537775396
7.528842293272192,137.37373737373738,1.1741305877052763
7.538133574333427,169.6969696969697,1.3010636242139548
7.540469732040549,154.54545454545456,1.2534637355232003
7.544003456758122,150.50505050505052,1.2375971059596156
7.544336552273066,143.43434343434345,1.2058638468324459
7.54640859185867,140.40404040404042,1.189997217268861
7.548737108347756,191.91919191919192,1.3486635129047093
7.551000655438287,120.20202020202021,0.9837310329422585
7.551672296985726,126.26262626262627,1.0789308103237674
7.552223364717762,119.1919191919192,0.9519977738150889
7.558676658703633,133.33333333333334,1.1423973285781066
7.55905449371983,129.2929292929293,1.110664069450937
7.560393823071347,183.83838383838383,1.3327968833411243
7.5627198223810215,121.21212121212122,0.9995976625058433
7.5660154462490095,131.31313131313132,1.1265306990145219
7.566816606813811,135.35353535353536,1.1582639581416914
7.570444703409272,164.64646464646466,1.28519699465037
7.571019254899262,159.59595959595958,1.269330365086785
7.578853003087994,176.7676767676768,1.3169302537775396
7.588849031370314,147.4747474747475,1.2217304763960306
7.589557200331811,125.25252525252526,1.0630641807601826
7.593291625557069,170.70707070707073,1.3010636242139548
7.596045935625173,192.92929292929296,1.3486635129047093
7.597257919087839,123.23232323232324,1.0313309216330129
7.601640185336059,138.3838383838384,1.1741305877052763
7.605037935419102,122.22222222222223,1.0154642920694281
7.610387785841603,184.84848484848487,1.3327968833411243
7.611045703406063,119.1919191919192,0.936131144251504
7.6131154598034225,144.44444444444446,1.2058638468324459
7.617229792392549,141.41414141414143,1.189997217268861
7.617566617129526,124.24242424242425,1.0471975511965979
7.617808696617003,119.1919191919192,0.9202645146879193
7.620021261876375,128.2828282828283,1.0947974398873521
7.624342697257818,120.20202020202021,0.9678644033786736
7.6258185558832965,155.55555555555554,1.2534637355232003
7.6280365053370085,165.65656565656565,1.28519699465037
7.631430044825709,177.77777777777777,1.3169302537775396
7.632816823575564,151.5151515151515,1.2375971059596156
7.635243069509067,127.27272727272728,1.0789308103237674
7.639252065380907,130.3030303030303,1.110664069450937
7.641561011923589,136.36363636363637,1.1582639581416914
7.643285435453862,193.93939393939394,1.3486635129047093
7.643699265455671,121.21212121212122,0.9837310329422585
7.644446578977218,132.32323232323233,1.1265306990145219
7.6476678719772915,120.20202020202021,0.9519977738150889
7.64840611264098,171.7171717171717,1.3010636242139548
7.652756006911641,160.60606060606062,1.269330365086785
7.660320448214739,185.85858585858585,1.3327968833411243
7.663804135463011,119.1919191919192,0.9043978851243344
7.666352873331912,178.7878787878788,1.3169302537775396
7.666473690809999,134.34343434343435,1.1423973285781066
7.674467285415032,139.3939393939394,1.1741305877052763
7.674804363093099,126.26262626262627,1.0630641807601826
7.67594221759603,194.94949494949498,1.3486635129047093
7.681017718626973,148.4848484848485,1.2217304763960306
7.685592053808551,166.66666666666669,1.28519699465037
7.6880617837688705,156.56565656565658,1.2534637355232003
7.688069723542275,142.42424242424244,1.189997217268861
7.6948373798686776,122.22222222222223,0.9995976625058433
7.69493882361458,123.23232323232324,1.0154642920694281
7.697306175866401,152.52525252525254,1.2375971059596156
7.7020018536767285,129.2929292929293,1.0947974398873521
7.703474754067678,172.72727272727275,1.3010636242139548
7.704441292890606,125.25252525252526,1.0471975511965979
7.707939520277364,120.20202020202021,0.936131144251504
7.708558398275779,145.45454545454547,1.2058638468324459
7.710189800807664,186.8686868686869,1.3327968833411243
7.712667553596396,161.6161616161616,1.269330365086785
7.716011236942714,120.20202020202021,0.9202645146879193
7.7163424008306825,137.37373737373738,1.1582639581416914
7.71856990773048,121.21212121212122,0.9678644033786736
7.718877013437369,179.7979797979798,1.3169302537775396
7.719518364814271,131.31313131313132,1.110664069450937
7.723112040024963,195.95959595959596,1.3486635129047093
7.724323042574297,124.24242424242425,1.0313309216330129
7.736555191360688,122.22222222222223,0.9837310329422585
7.743108925614818,167.67676767676767,1.28519699465037
7.743155220543285,135.35353535353536,1.1423973285781066
7.747319866078967,140.40404040404042,1.1741305877052763
7.747685414972745,149.49494949494948,1.2217304763960306
7.750282707636897,157.57575757575756,1.2534637355232003
7.754431901447561,128.2828282828283,1.0789308103237674
7.755212569170408,133.33333333333334,1.1265306990145219
7.758495280452859,173.73737373737373,1.3010636242139548
7.759993844084807,187.87878787878788,1.3327968833411243
7.760150832481879,127.27272727272728,1.0630641807601826
7.76178166764267,153.53535353535352,1.2375971059596156
7.7633834579662855,120.20202020202021,0.9043978851243344
7.770208211545315,196.96969696969697,1.3486635129047093
7.7713444933868,180.80808080808083,1.3169302537775396
7.772547000355838,162.62626262626264,1.269330365086785
7.777351630212303,146.46464646464648,1.2058638468324459
7.7840579184116105,130.3030303030303,1.0947974398873521
7.784970913524555,124.24242424242425,1.0154642920694281
7.786350895322904,123.23232323232324,0.9995976625058433
7.786720227621729,143.43434343434345,1.189997217268861
7.787372280828717,121.21212121212122,0.9519977738150889
7.791156847212022,138.3838383838384,1.1582639581416914
7.791424059006536,126.26262626262627,1.0471975511965979
7.799848785223882,132.32323232323233,1.110664069450937
7.8050188985808955,121.21212121212122,0.936131144251504
7.809730588402508,188.8888888888889,1.3327968833411243
7.8124785993970205,158.5858585858586,1.2534637355232003
7.8128930259513085,125.25252525252526,1.0313309216330129
7.812959804735913,122.22222222222223,0.9678644033786736
7.813465434536159,174.74747474747477,1.3010636242139548
7.814345917426387,150.50505050505052,1.2217304763960306
7.817228859051726,197.97979797979798,1.3486635129047093
7.819878244951762,136.36363636363637,1.1423973285781066
7.820194229823056,141.41414141414143,1.1741305877052763
7.820882190732915,168.6868686868687,1.28519699465037
7.823753192913627,181.8181818181818,1.3169302537775396
7.8262403978154955,154.54545454545456,1.2375971059596156
7.832391792226672,163.63636363636363,1.269330365086785
7.833788279504227,134.34343434343435,1.1265306990145219
7.8382316432492765,129.2929292929293,1.0789308103237674
7.843512842306921,189.8989898989899,1.3327968833411243
7.846145361280413,147.4747474747475,1.2058638468324459
7.857590639676843,144.44444444444446,1.189997217268861
7.8607619794073065,121.21212121212122,0.9202645146879193
7.8631656528590925,121.21212121212122,0.9043978851243344
7.8641721186715,198.989898989899,1.3486635129047093
7.866000457322946,139.3939393939394,1.1582639581416914
7.866184647596024,131.31313131313132,1.0947974398873521
7.868382971174389,175.75757575757575,1.3010636242139548
7.871535907867713,123.23232323232324,0.9837310329422585
7.874646748388074,159.59595959595958,1.2534637355232003
7.876101002594636,182.82828282828285,1.3169302537775396
7.878000093337416,124.24242424242425,0.9995976625058433
7.878269988241692,169.6969696969697,1.28519699465037
7.878509388467958,127.27272727272728,1.0471975511965979
7.880996157141988,151.5151515151515,1.2217304763960306
7.882206381850661,128.2828282828283,1.0630641807601826
7.883260384350375,122.22222222222223,0.9519977738150889
7.89067948487989,155.55555555555554,1.2375971059596156
7.892199389670229,164.64646464646466,1.269330365086785
7.893179845154981,190.90909090909093,1.3327968833411243
7.896638663256422,137.37373737373738,1.1423973285781066
7.901574727079266,126.26262626262627,1.0313309216330129
7.906019633788375,121.21212121212122,0.8885312555607496
7.911036135829396,200.0,1.3486635129047093
7.912410497929427,135.35353535353536,1.1265306990145219
7.913624239849288,133.33333333333334,1.110664069450937
7.9149363417722425,148.4848484848485,1.2058638468324459
7.914955329550956,125.25252525252526,1.0154642920694281
7.922013774873904,142.42424242424244,1.1741305877052763
7.922109142413713,130.3030303030303,1.0789308103237674
7.923245657337304,176.7676767676768,1.3010636242139548
7.928385823875151,183.83838383838383,1.3169302537775396
7.928466887060575,145.45454545454547,1.189997217268861
7.935610163076322,170.70707070707073,1.28519699465037
7.936784461271026,160.60606060606062,1.2534637355232003
7.942775047002734,191.91919191919192,1.3327968833411243
7.947497559504901,122.22222222222223,0.936131144251504
7.947633087068348,152.52525252525254,1.2217304763960306
7.950535459193397,123.23232323232324,0.9678644033786736
7.951967268502142,165.65656565656565,1.269330365086785
7.955096066772615,156.56565656565658,1.2375971059596156
7.9594457891550165,122.22222222222223,0.9202645146879193
7.964766203343507,124.24242424242425,0.9837310329422585
7.967788409800667,129.2929292929293,1.0630641807601826
7.970906568048216,140.40404040404042,1.1582639581416914
7.973432409694855,138.3838383838384,1.1423973285781066
7.9780512721056365,177.77777777777777,1.3010636242139548
7.979309799599478,123.23232323232324,0.9519977738150889
7.9806055690955935,184.84848484848487,1.3169302537775396
7.982827711279363,132.32323232323233,1.0947974398873521
7.983721346157201,149.49494949494948,1.2058638468324459
7.990362441085945,127.27272727272728,1.0313309216330129
7.991074943279312,136.36363636363637,1.1265306990145219
7.992296488417903,192.92929292929296,1.3327968833411243
7.992900356810536,171.7171717171717,1.28519699465037
7.994102609424027,134.34343434343435,1.110664069450937
7.994926794220728,143.43434343434345,1.1741305877052763
7.998889061925906,161.6161616161616,1.2534637355232003
7.999345552002396,146.46464646464648,1.189997217268861
8.003388964012661,128.2828282828283,1.0471975511965979
8.005299648631091,126.26262626262627,1.0154642920694281
8.006059428610552,131.31313131313132,1.0789308103237674
8.00735220746117,122.22222222222223,0.8885312555607496
8.010635800103602,122.22222222222223,0.9043978851243344
8.010671025162448,125.25252525252526,0.9995976625058433
8.01169291982546,166.66666666666669,1.269330365086785
8.014253681775052,153.53535353535352,1.2217304763960306
8.019487300734408,157.57575757575756,1.2375971059596156
8.032758161519647,185.85858585858585,1.3169302537775396
8.032797606671457,178.7878787878788,1.3010636242139548
8.041742220021241,193.93939393939394,1.3327968833411243
8.045015298139633,123.23232323232324,0.936131144251504
8.045311161106458,124.24242424242425,0.9678644033786736
8.045808305951194,141.41414141414143,1.1582639581416914
8.050138224610485,172.72727272727275,1.28519699465037
8.052497172875867,150.50505050505052,1.2058638468324459
8.053450666942163,130.3030303030303,1.0630641807601826
8.058130461740117,125.25252525252526,0.9837310329422585
8.058306606365354,123.23232323232324,0.9202645146879193
8.06095789135277,162.62626262626264,1.2534637355232003
8.06511856482281,133.33333333333334,1.0947974398873521
8.067848152723215,144.44444444444446,1.1741305877052763
8.069777371904145,137.37373737373738,1.1265306990145219
8.070223243227389,147.4747474747475,1.189997217268861
8.07137384996747,167.67676767676767,1.269330365086785
8.074628545643083,135.35353535353536,1.110664069450937
8.075513642428012,124.24242424242425,0.9519977738150889
8.080854937282993,154.54545454545456,1.2217304763960306
8.081400993299782,139.3939393939394,1.1423973285781066
8.083850363176593,158.5858585858586,1.2375971059596156
8.08484153536377,186.8686868686869,1.3169302537775396
8.087482464340713,179.7979797979798,1.3010636242139548
8.090716787150056,129.2929292929293,1.0471975511965979
8.09111030253709,194.94949494949498,1.3327968833411243
8.095753623369356,127.27272727272728,1.0154642920694281
8.102641986815428,126.26262626262627,0.9995976625058433
8.107321435206364,173.73737373737373,1.28519699465037
8.108878718784467,123.23232323232324,0.8885312555607496
8.110893962711584,123.23232323232324,0.9043978851243344
8.118023914607885,128.2828282828283,1.0313309216330129
8.120725088129015,142.42424242424244,1.1582639581416914
8.121260644138241,151.5151515151515,1.2058638468324459
8.122988307576689,163.63636363636363,1.2534637355232003
8.125622786072583,132.32323232323233,1.0789308103237674
8.131007580419807,168.6868686868687,1.269330365086785
8.136853635827995,187.87878787878788,1.3169302537775396
8.139188019461848,131.31313131313132,1.0630641807601826
8.140225517084001,125.25252525252526,0.9678644033786736
8.140398806844589,195.95959595959596,1.3327968833411243
8.140774283889469,145.45454545454547,1.1741305877052763
8.141096595722328,148.4848484848485,1.189997217268861
8.142103660537765,180.80808080808083,1.3010636242139548
8.142692847869444,124.24242424242425,0.936131144251504
8.147433870899247,155.55555555555554,1.2217304763960306
8.147462841966775,134.34343434343435,1.0947974398873521
8.148182449551664,159.59595959595958,1.2375971059596156
8.155197620930746,136.36363636363637,1.110664069450937
8.158263562609303,140.40404040404042,1.1423973285781066
8.164447670866808,174.74747474747477,1.28519699465037
8.178127498711381,130.3030303030303,1.0471975511965979
8.180757035559285,138.3838383838384,1.1265306990145219
8.184977685556456,164.64646464646466,1.2534637355232003
8.188792419127966,188.8888888888889,1.3169302537775396
8.1896058140293,196.96969696969697,1.3327968833411243
8.190591647782012,169.6969696969697,1.269330365086785
8.193644742235804,126.26262626262627,0.9837310329422585
8.194726440684027,127.27272727272728,0.9995976625058433
8.19565316297833,143.43434343434345,1.1582639581416914
8.19665902281195,181.8181818181818,1.3010636242139548
8.203779327334647,124.24242424242425,0.9202645146879193
8.20706140539272,129.2929292929293,1.0313309216330129
8.209741616391385,133.33333333333334,1.0789308103237674
8.211327706440771,124.24242424242425,0.9043978851243344
8.211962270505875,149.49494949494948,1.189997217268861
8.21248077422842,160.60606060606062,1.2375971059596156
8.213701649894965,146.46464646464648,1.1741305877052763
8.216105950088902,125.25252525252526,0.9519977738150889
8.216440545281962,152.52525252525254,1.2058638468324459
8.221514627375958,175.75757575757575,1.28519699465037
8.2261554327041,128.2828282828283,1.0154642920694281
8.229855924999246,135.35353535353536,1.0947974398873521
8.235144749333905,141.41414141414143,1.1423973285781066
8.235271999346365,126.26262626262627,0.9678644033786736
8.238729415435115,197.97979797979798,1.3327968833411243
8.2391882194139,156.56565656565658,1.2217304763960306
8.240523195196909,125.25252525252526,0.936131144251504
8.240655852528036,189.8989898989899,1.3169302537775396
8.246923417097168,165.65656565656565,1.2534637355232003
8.250123603708348,170.70707070707073,1.269330365086785
8.251146390846031,182.82828282828285,1.3010636242139548
8.25156502604988,124.24242424242425,0.8726646259971648
8.259310233439491,124.24242424242425,0.8885312555607496
8.259540074598512,139.3939393939394,1.1265306990145219
8.261628995080189,132.32323232323233,1.0630641807601826
8.26561579971158,131.31313131313132,1.0471975511965979
8.269136388946938,137.37373737373738,1.110664069450937
8.27058881008428,144.44444444444446,1.1582639581416914
8.27852001401311,176.7676767676768,1.28519699465037
8.285151554699123,153.53535353535352,1.2058638468324459
8.286626741325136,147.4747474747475,1.1741305877052763
8.286918380256084,128.2828282828283,0.9995976625058433
8.287324226437912,127.27272727272728,0.9837310329422585
8.287767712716422,198.989898989899,1.3327968833411243
8.292441914375498,190.90909090909093,1.3169302537775396
8.293915441294507,134.34343434343435,1.0789308103237674
8.296184631337917,130.3030303030303,1.0313309216330129
8.300642158611252,161.6161616161616,1.2375971059596156
8.303054005167512,125.25252525252526,0.9202645146879193
8.305563616466438,183.83838383838383,1.3010636242139548
8.305687256179871,157.57575757575756,1.2217304763960306
8.308822910766649,166.66666666666669,1.2534637355232003
8.309601014857757,171.7171717171717,1.269330365086785
8.31041907983439,150.50505050505052,1.189997217268861
8.31192958329113,125.25252525252526,0.9043978851243344
8.31204064026069,142.42424242424244,1.1423973285781066
8.312293238533616,136.36363636363637,1.0947974398873521
8.312672049704638,126.26262626262627,0.9519977738150889
8.316866817543394,129.2929292929293,1.0154642920694281
8.321443192833692,200.0,1.3327968833411243
8.335461553534827,177.77777777777777,1.28519699465037
8.338345776517901,140.40404040404042,1.1265306990145219
8.344148594135662,191.91919191919192,1.3169302537775396
8.34552833993604,145.45454545454547,1.1582639581416914
8.347539643994388,133.33333333333334,1.0630641807601826
8.349798976736752,138.3838383838384,1.110664069450937
8.353838569389834,154.54545454545456,1.2058638468324459
8.354796305290712,125.25252525252526,0.8726646259971648
8.35990856365518,184.84848484848487,1.3010636242139548
8.361287051615987,125.25252525252526,0.8885312555607496
8.364828871695943,162.62626262626264,1.2375971059596156
8.369021462846991,172.72727272727275,1.269330365086785
8.37067359181535,167.67676767676767,1.2534637355232003
8.372153018696558,158.5858585858586,1.2217304763960306
8.373590109022587,127.27272727272728,0.9678644033786736
8.378139491540505,135.35353535353536,1.0789308103237674
8.381115046069414,128.2828282828283,0.9837310329422585
8.381245235680451,151.5151515151515,1.189997217268861
8.383864590105954,126.26262626262627,0.936131144251504
8.385388126544703,131.31313131313132,1.0313309216330129
8.38830299715557,148.4848484848485,1.1741305877052763
8.388947355690291,143.43434343434345,1.1423973285781066
8.390892278785314,132.32323232323233,1.0471975511965979
8.39233698215953,178.7878787878788,1.28519699465037
8.39577389242785,192.92929292929296,1.3169302537775396
8.402479729167329,126.26262626262627,0.9202645146879193
8.407666971980511,130.3030303030303,1.0154642920694281
8.409368323808689,127.27272727272728,0.9519977738150889
8.414179108563358,185.85858585858585,1.3010636242139548
8.417170060903056,141.41414141414143,1.1265306990145219
8.420177440975495,129.2929292929293,0.9995976625058433
8.422498517911746,155.55555555555554,1.2058638468324459
8.4283825442067,173.73737373737373,1.269330365086785
8.428971572085842,163.63636363636363,1.2375971059596156
8.429201866239074,137.37373737373738,1.0947974398873521
8.430488754501326,139.3939393939394,1.110664069450937
8.432472902099919,168.6868686868687,1.2534637355232003
8.43350703980953,134.34343434343435,1.0630641807601826
8.438582620543302,159.59595959595958,1.2217304763960306
8.447315821062126,193.93939393939394,1.3169302537775396
8.449144049554176,179.7979797979798,1.28519699465037
8.450363754369391,146.46464646464648,1.1582639581416914
8.4520515110596,152.52525252525254,1.189997217268861
8.458204450252564,126.26262626262627,0.8726646259971648
8.460339743974021,126.26262626262627,0.9043978851243344
8.461203225336941,149.49494949494948,1.1741305877052763
8.46343032120092,126.26262626262627,0.8885312555607496
8.465861049129273,144.44444444444446,1.1423973285781066
8.468373139526264,186.8686868686869,1.3010636242139548
8.468944876505573,128.2828282828283,0.9678644033786736
8.47501107539535,129.2929292929293,0.9837310329422585
8.47855896227686,133.33333333333334,1.0471975511965979
8.48205051097718,127.27272727272728,0.936131144251504
8.48623080277182,180.80808080808083,1.28519699465037
8.48768187034043,174.74747474747477,1.269330365086785
8.491128351729953,156.56565656565658,1.2058638468324459
8.493067560938265,164.64646464646466,1.2375971059596156
8.494218300010337,169.6969696969697,1.2534637355232003
8.496008883243544,142.42424242424244,1.1265306990145219
8.497910695137024,136.36363636363637,1.0789308103237674
8.49855026140635,131.31313131313132,1.0154642920694281
8.498772403076773,194.94949494949498,1.3169302537775396
8.50204943230041,127.27272727272728,0.9202645146879193
8.504973195907775,160.60606060606062,1.2217304763960306
8.506188188311604,128.2828282828283,0.9519977738150889
8.511201468863499,140.40404040404042,1.110664069450937
8.511734710001772,138.3838383838384,1.0947974398873521
8.5126192828337,130.3030303030303,0.9995976625058433
8.513458559798714,132.32323232323233,1.0313309216330129
8.519526260235727,135.35353535353536,1.0630641807601826
8.522488557079804,187.87878787878788,1.3010636242139548
8.522834682803413,153.53535353535352,1.189997217268861
8.52529485247389,147.4747474747475,1.1582639581416914
8.533554209461567,195.95959595959596,1.3169302537775396
8.53408838337233,150.50505050505052,1.1741305877052763
8.542959345208173,181.8181818181818,1.28519699465037
8.54691706748652,175.75757575757575,1.269330365086785
8.55590726040038,170.70707070707073,1.2534637355232003
8.557114157844895,165.65656565656565,1.2375971059596156
8.559725045040771,157.57575757575756,1.2058638468324459
8.561330088530777,127.27272727272728,0.9043978851243344
8.564408715731995,129.2929292929293,0.9678644033786736
8.565732545063058,127.27272727272728,0.8885312555607496
8.566284326057803,134.34343434343435,1.0471975511965979
8.571321899446037,161.6161616161616,1.2217304763960306
8.573795295763189,145.45454545454547,1.1423973285781066
8.576523273978252,188.8888888888889,1.3010636242139548
8.580364541166563,128.2828282828283,0.936131144251504
8.582245002576766,137.37373737373738,1.0789308103237674
8.584915959708683,196.96969696969697,1.3169302537775396
8.589511106936193,132.32323232323233,1.0154642920694281
8.59193290480604,141.41414141414143,1.110664069450937
8.59359155276872,154.54545454545456,1.189997217268861
8.594295329937653,139.3939393939394,1.0947974398873521
8.599614483205475,182.82828282828285,1.28519699465037
8.600216414224313,148.4848484848485,1.1582639581416914
8.602845858789856,133.33333333333334,1.0313309216330129
8.60514731154904,131.31313131313132,0.9995976625058433
8.606085776682658,176.7676767676768,1.269330365086785
8.606955087609878,151.5151515151515,1.1741305877052763
8.606985545147014,143.43434343434345,1.1265306990145219
8.611086135662424,130.3030303030303,0.9837310329422585
8.611788209285724,127.27272727272728,0.8726646259971648
8.6124379544449,189.8989898989899,1.3010636242139548
8.617537274521405,171.7171717171717,1.2534637355232003
8.621108700729755,166.66666666666669,1.2375971059596156
8.628285594600209,158.5858585858586,1.2058638468324459
8.636187888480668,197.97979797979798,1.3169302537775396
8.63762590614665,162.62626262626264,1.2217304763960306
8.642181246249303,136.36363636363637,1.0630641807601826
8.64744831066536,129.2929292929293,0.9519977738150889
8.648307057185866,128.2828282828283,0.9202645146879193
8.650708602882107,146.46464646464648,1.1423973285781066
8.654063293221895,135.35353535353536,1.0471975511965979
8.656194008714014,183.83838383838383,1.28519699465037
8.659975384358876,130.3030303030303,0.9678644033786736
8.662462419076741,128.2828282828283,0.9043978851243344
8.664318947633298,155.55555555555554,1.189997217268861
8.665185653733085,177.77777777777777,1.269330365086785
8.666381201909793,190.90909090909093,1.3010636242139548
8.666612421244832,138.3838383838384,1.0789308103237674
8.668186304296295,128.2828282828283,0.8885312555607496
8.672678885319625,142.42424242424244,1.110664069450937
8.675124886315183,149.49494949494948,1.1582639581416914
8.676879334653915,140.40404040404042,1.0947974398873521
8.67879997745066,129.2929292929293,0.936131144251504
8.679105849959555,172.72727272727275,1.2534637355232003
8.679799981655428,152.52525252525254,1.1741305877052763
8.685048545751066,167.67676767676767,1.2375971059596156
8.685843675764788,144.44444444444446,1.1265306990145219
8.687368053195703,198.989898989899,1.3169302537775396
8.692293952359122,134.34343434343435,1.0313309216330129
8.696807019556603,159.59595959595958,1.2058638468324459
8.69775578014762,132.32323232323233,0.9995976625058433
8.703882411198983,163.63636363636363,1.2217304763960306
8.705224184663587,131.31313131313132,0.9837310329422585
8.712695727025464,184.84848484848487,1.28519699465037
8.715600271281778,128.2828282828283,0.8726646259971648
8.720239048440577,191.91919191919192,1.3010636242139548
8.72044651894993,133.33333333333334,1.0154642920694281
8.724214369178398,178.7878787878788,1.269330365086785
8.727614927177594,147.4747474747475,1.1423973285781066
8.72831375146876,137.37373737373738,1.0630641807601826
8.735013718696218,156.56565656565658,1.189997217268861
8.738454522635811,200.0,1.3169302537775396
8.740610510575891,173.73737373737373,1.2534637355232003
8.741890836084025,136.36363636363637,1.0471975511965979
8.744552237360647,130.3030303030303,0.9519977738150889
8.748207195935374,129.2929292929293,0.9202645146879193
8.748931067206724,168.6868686868687,1.2375971059596156
8.750016745048027,150.50505050505052,1.1582639581416914
8.751008377327555,139.3939393939394,1.0789308103237674
8.752619736139678,153.53535353535352,1.1741305877052763
8.755638703721669,131.31313131313132,0.9678644033786736
8.759482373265817,141.41414141414143,1.0947974398873521
8.763729621646533,129.2929292929293,0.9043978851243344
8.764701702963446,145.45454545454547,1.1265306990145219
8.76528636128785,160.60606060606062,1.2058638468324459
8.769117456773113,185.85858585858585,1.28519699465037
8.770088629865764,164.64646464646466,1.2217304763960306
8.774009444591208,192.92929292929296,1.3010636242139548
8.781797607365291,135.35353535353536,1.0313309216330129
8.783169608267814,179.7979797979798,1.269330365086785
8.786667367243355,143.43434343434345,1.110664069450937
8.790438999398155,133.33333333333334,0.9995976625058433
8.799445741914825,132.32323232323233,0.9837310329422585
8.802048796449759,174.74747474747477,1.2534637355232003
8.804510568169894,148.4848484848485,1.1423973285781066
8.805672741682544,157.57575757575756,1.189997217268861
8.811054584143069,129.2929292929293,0.85679799643358
8.811582459769516,134.34343434343435,1.0154642920694281
8.812753657443315,169.6969696969697,1.2375971059596156
8.814480446505797,138.3838383838384,1.0630641807601826
8.819561819851309,129.2929292929293,0.8726646259971648
8.819686943642406,129.2929292929293,0.8885312555607496
8.822780387716294,130.3030303030303,0.936131144251504
8.824888496069722,151.5151515151515,1.1582639581416914
8.825411048489917,154.54545454545456,1.1741305877052763
8.825457029933634,186.8686868686869,1.28519699465037
8.82769035317599,193.93939393939394,1.3010636242139548
8.833720683242863,161.6161616161616,1.2058638468324459
8.835428340085242,140.40404040404042,1.0789308103237674
8.83624179735951,165.65656565656565,1.2217304763960306
8.841756510603172,131.31313131313132,0.9519977738150889
8.842049070933653,180.80808080808083,1.269330365086785
8.843555739571011,146.46464646464648,1.1265306990145219
8.848226447386404,130.3030303030303,0.9202645146879193
8.86341826382511,175.75757575757575,1.2534637355232003
8.865124656900727,130.3030303030303,0.9043978851243344
8.867432121778139,144.44444444444446,1.110664069450937
8.867456110772716,137.37373737373738,1.0471975511965979
8.871351642240269,136.36363636363637,1.0313309216330129
8.876292916552673,158.5858585858586,1.189997217268861
8.876425221742585,142.42424242424244,1.0947974398873521
8.8765137267689,170.70707070707073,1.2375971059596156
8.881279749295375,194.94949494949498,1.3010636242139548
8.881391857163722,149.49494949494948,1.1423973285781066
8.88171229183053,187.87878787878788,1.28519699465037
8.893744950699745,133.33333333333334,0.9837310329422585
8.894625993749997,132.32323232323233,0.9678644033786736
8.898170642706148,155.55555555555554,1.1741305877052763
8.899736674115493,152.52525252525254,1.1582639581416914
8.900676614606239,139.3939393939394,1.0630641807601826
8.900850471768276,181.8181818181818,1.269330365086785
8.902107070787432,162.62626262626264,1.2058638468324459
8.90233916872296,166.66666666666669,1.2217304763960306
8.902776099227042,135.35353535353536,1.0154642920694281
8.916429261643612,130.3030303030303,0.85679799643358
8.919867821459743,141.41414141414143,1.0789308103237674
8.921491875187076,131.31313131313132,0.936131144251504
8.922401932758254,147.4747474747475,1.1265306990145219
8.922484040467419,130.3030303030303,0.8885312555607496
8.923665395479352,130.3030303030303,0.8726646259971648
8.924196218254492,134.34343434343435,0.9995976625058433
8.924716485059683,176.7676767676768,1.2534637355232003
8.934775620362169,195.95959595959596,1.3010636242139548
8.937881101138975,188.8888888888889,1.28519699465037
8.939054839808687,132.32323232323233,0.9519977738150889
8.940208703369061,171.7171717171717,1.2375971059596156
8.946871167316067,159.59595959595958,1.189997217268861
8.94819632485978,145.45454545454547,1.110664069450937
8.948358063214018,131.31313131313132,0.9202645146879193
8.955387157312133,138.3838383838384,1.0471975511965979
8.958255156962302,150.50505050505052,1.1423973285781066
8.959058188842537,143.43434343434345,1.0947974398873521
8.95957154000307,182.82828282828285,1.269330365086785
8.968378018713542,167.67676767676767,1.2217304763960306
8.970442631054263,163.63636363636363,1.2058638468324459
8.970895269141971,156.56565656565658,1.1741305877052763
8.974557842756171,153.53535353535352,1.1582639581416914
8.985941048577015,177.77777777777777,1.2534637355232003
8.986897584308517,140.40404040404042,1.0630641807601826
8.988116014057255,134.34343434343435,0.9837310329422585
8.988175966128782,196.96969696969697,1.3010636242139548
8.990507167973696,133.33333333333334,0.9678644033786736
8.9939613298922,189.8989898989899,1.28519699465037
8.994022100227633,136.36363636363637,1.0154642920694281
8.999720028340926,137.37373737373738,1.0313309216330129
9.001236463724384,148.4848484848485,1.1265306990145219
9.003836033226433,172.72727272727275,1.2375971059596156
9.014415921069787,131.31313131313132,0.9043978851243344
9.017045485295636,135.35353535353536,0.9995976625058433
9.01740444184955,160.60606060606062,1.189997217268861
9.018210019489553,183.83838383838383,1.269330365086785
9.02030112546998,132.32323232323233,0.936131144251504
9.025406629012206,131.31313131313132,0.8885312555607496
9.027903618240675,131.31313131313132,0.8726646259971648
9.028955965969281,146.46464646464648,1.110664069450937
9.034355641691535,168.6868686868687,1.2217304763960306
9.035096861585739,151.5151515151515,1.1423973285781066
9.03644099967875,133.33333333333334,0.9519977738150889
9.038724492797366,164.64646464646466,1.2058638468324459
9.03973847587353,142.42424242424244,1.0789308103237674
9.041478798714834,197.97979797979798,1.3010636242139548
9.041694499149157,144.44444444444446,1.0947974398873521
9.043348786413642,139.3939393939394,1.0471975511965979
9.047089558821106,178.7878787878788,1.2534637355232003
9.048595366082713,132.32323232323233,0.9202645146879193
9.049348594149993,154.54545454545456,1.1582639581416914
9.04995086348889,190.90909090909093,1.28519699465037
9.067393180043476,173.73737373737373,1.2375971059596156
9.071985137097396,157.57575757575756,1.1741305877052763
9.073138729032056,141.41414141414143,1.0630641807601826
9.073265344638443,131.31313131313132,0.85679799643358
9.076763668682403,184.84848484848487,1.269330365086785
9.080055547386744,149.49494949494948,1.1265306990145219
9.08531517916779,137.37373737373738,1.0154642920694281
9.086463113788774,134.34343434343435,0.9678644033786736
9.089380866264298,138.3838383838384,1.0313309216330129
9.094682142635206,198.989898989899,1.3010636242139548
9.100269351512065,169.6969696969697,1.2217304763960306
9.105847600702111,191.91919191919192,1.28519699465037
9.106949806250492,165.65656565656565,1.2058638468324459
9.10815963621382,179.7979797979798,1.2534637355232003
9.109707070927591,147.4747474747475,1.110664069450937
9.109949272957218,136.36363636363637,0.9995976625058433
9.111913395993751,152.52525252525254,1.1423973285781066
9.11503114840266,161.6161616161616,1.189997217268861
9.116097464753748,132.32323232323233,0.9043978851243344
9.119201738627345,133.33333333333334,0.936131144251504
9.124208301607542,143.43434343434345,1.0789308103237674
9.1243299789434,145.45454545454547,1.0947974398873521
9.12465225559482,135.35353535353536,0.9837310329422585
9.128447631233492,132.32323232323233,0.8885312555607496
9.130403393854444,200.0,1.3010636242139548
9.130877625168536,174.74747474747477,1.2375971059596156
9.131336184473152,140.40404040404042,1.0471975511965979
9.135230260624473,185.85858585858585,1.269330365086785
9.144597979903775,158.5858585858586,1.1741305877052763
9.153684095981577,155.55555555555554,1.1582639581416914
9.15885543207456,150.50505050505052,1.1265306990145219
9.159395466667165,142.42424242424244,1.0630641807601826
9.161649453689101,192.92929292929296,1.28519699465037
9.166116481420884,170.70707070707073,1.2217304763960306
9.169148917114637,180.80808080808083,1.2534637355232003
9.175115742989709,166.66666666666669,1.2058638468324459
9.17827801012068,134.34343434343435,0.9519977738150889
9.178977160904887,132.32323232323233,0.85679799643358
9.17907356962103,139.3939393939394,1.0313309216330129
9.182389436198337,132.32323232323233,0.8726646259971648
9.18248792909773,135.35353535353536,0.9678644033786736
9.185425333513367,162.62626262626264,1.189997217268861
9.190445701560888,148.4848484848485,1.110664069450937
9.193607582933494,186.8686868686869,1.269330365086785
9.194286867524877,175.75757575757575,1.2375971059596156
9.195557317130701,133.33333333333334,0.9202645146879193
9.202902142801763,137.37373737373738,0.9995976625058433
9.206960493225791,146.46464646464648,1.0947974398873521
9.208681487176849,144.44444444444446,1.0789308103237674
9.216509750384553,138.3838383838384,1.0154642920694281
9.217163969611642,159.59595959595958,1.1741305877052763
9.217354348002264,193.93939393939394,1.28519699465037
9.217882073015431,133.33333333333334,0.9043978851243344
9.218187382078593,134.34343434343435,0.936131144251504
9.219179988080539,136.36363636363637,0.9837310329422585
9.219344584993571,141.41414141414143,1.0471975511965979
9.219440963882032,153.53535353535352,1.1423973285781066
9.22837545340719,156.56565656565658,1.1582639581416914
9.23005505378294,181.8181818181818,1.2534637355232003
9.231599331582593,187.87878787878788,1.269330365086785
9.231600044921068,133.33333333333334,0.8885312555607496
9.231894383953557,171.7171717171717,1.2217304763960306
9.237632399226964,151.5151515151515,1.1265306990145219
9.243219495800124,167.67676767676767,1.2058638468324459
9.254190003839213,194.94949494949498,1.28519699465037
9.255763353599894,163.63636363636363,1.189997217268861
9.257618423542963,176.7676767676768,1.2375971059596156
9.268793181196363,140.40404040404042,1.0313309216330129
9.271167955369844,149.49494949494948,1.110664069450937
9.274225129374265,133.33333333333334,0.8409313668699951
9.2758571163555,135.35353535353536,0.9519977738150889
9.278575773063569,136.36363636363637,0.9678644033786736
9.282168120899414,143.43434343434345,1.0630641807601826
9.284813816709702,133.33333333333334,0.85679799643358
9.286925062651118,133.33333333333334,0.8726646259971648
9.289581945357629,147.4747474747475,1.0947974398873521
9.289679975230122,160.60606060606062,1.1741305877052763
9.289869957207586,188.8888888888889,1.269330365086785
9.290875714342619,182.82828282828285,1.2534637355232003
9.293153731145189,145.45454545454547,1.0789308103237674
9.295898711793207,138.3838383838384,0.9995976625058433
9.29602788859362,134.34343434343435,0.9202645146879193
9.296172141016092,154.54545454545456,1.1423973285781066
9.297600430838376,172.72727272727275,1.2217304763960306
9.303023955461686,157.57575757575756,1.1582639581416914
9.307369268155105,142.42424242424244,1.0471975511965979
9.307899496691823,139.3939393939394,1.0154642920694281
9.309780935359393,195.95959595959596,1.28519699465037
9.311258278546408,168.6868686868687,1.2058638468324459
9.31375898265642,137.37373737373738,0.9837310329422585
9.317251790082022,135.35353535353536,0.936131144251504
9.319763031378994,134.34343434343435,0.9043978851243344
9.320869827095342,177.77777777777777,1.2375971059596156
9.326042265066942,164.64646464646466,1.189997217268861
9.348046352638484,189.8989898989899,1.269330365086785
9.348249110367302,152.52525252525254,1.1265306990145219
9.35160858274885,183.83838383838383,1.2534637355232003
9.35186996520276,150.50505050505052,1.110664069450937
9.358534793135584,141.41414141414143,1.0313309216330129
9.362142891155788,161.6161616161616,1.1741305877052763
9.363232012902635,173.73737373737373,1.2217304763960306
9.365270236166475,196.96969696969697,1.28519699465037
9.36844388043447,144.44444444444446,1.0630641807601826
9.372190276705759,148.4848484848485,1.0947974398873521
9.372865128368078,155.55555555555554,1.1423973285781066
9.373502019590363,136.36363636363637,0.9519977738150889
9.37472086560325,137.37373737373738,0.9678644033786736
9.377620772861611,146.46464646464648,1.0789308103237674
9.377626322312507,158.5858585858586,1.1582639581416914
9.379229326047398,169.6969696969697,1.2058638468324459
9.381455492423408,134.34343434343435,0.8409313668699951
9.38381915200388,134.34343434343435,0.8885312555607496
9.384038629434755,178.7878787878788,1.2375971059596156
9.38893365181402,139.3939393939394,0.9995976625058433
9.390767980570624,134.34343434343435,0.85679799643358
9.39156943212387,134.34343434343435,0.8726646259971648
9.396259147407426,165.65656565656565,1.189997217268861
9.39658059580537,135.35353535353536,0.9202645146879193
9.399317461936954,140.40404040404042,1.0154642920694281
9.406126351105199,190.90909090909093,1.269330365086785
9.408383702129507,138.3838383838384,0.9837310329422585
9.412251358757082,184.84848484848487,1.2534637355232003
9.42065587327238,197.97979797979798,1.28519699465037
9.421733697438176,135.35353535353536,0.9043978851243344
9.426946552068646,153.53535353535352,1.1265306990145219
9.428786539982212,174.74747474747477,1.2217304763960306
9.43298806850264,143.43434343434345,1.0471975511965979
9.434549636979721,162.62626262626264,1.1741305877052763
9.447122399134713,179.7979797979798,1.2375971059596156
9.447129893954468,170.70707070707073,1.2058638468324459
9.448293546494785,142.42424242424244,1.0313309216330129
9.449516488755021,156.56565656565658,1.1423973285781066
9.45217930159957,159.59595959595958,1.1582639581416914
9.454718754310377,145.45454545454547,1.0630641807601826
9.454781466291017,149.49494949494948,1.0947974398873521
9.461875250357924,136.36363636363637,0.936131144251504
9.462078392081056,147.4747474747475,1.0789308103237674
9.46410780031315,191.91919191919192,1.269330365086785
9.465532301528606,151.5151515151515,1.110664069450937
9.466411103045793,166.66666666666669,1.189997217268861
9.47120677840151,137.37373737373738,0.9519977738150889
9.472801757894015,185.85858585858585,1.2534637355232003
9.475935827100505,198.989898989899,1.28519699465037
9.487213382835694,135.35353535353536,0.8885312555607496
9.488805021332197,135.35353535353536,0.8409313668699951
9.490758595417796,141.41414141414143,1.0154642920694281
9.494261440834597,175.75757575757575,1.2217304763960306
9.496315511670353,135.35353535353536,0.8726646259971648
9.496832401245314,135.35353535353536,0.85679799643358
9.497209070326328,136.36363636363637,0.9202645146879193
9.503048666609606,139.3939393939394,0.9837310329422585
9.5056075602889,154.54545454545456,1.1265306990145219
9.506897157299019,163.63636363636363,1.1741305877052763
9.510118722032809,180.80808080808083,1.2375971059596156
9.514152292231989,138.3838383838384,0.9678644033786736
9.514957258633649,171.7171717171717,1.2058638468324459
9.521032471364435,144.44444444444446,1.0471975511965979
9.521988562440521,192.92929292929296,1.269330365086785
9.52295770004464,140.40404040404042,0.9995976625058433
9.523787500309078,136.36363636363637,0.9043978851243344
9.526122814667106,157.57575757575756,1.1423973285781066
9.526679668213749,160.60606060606062,1.1582639581416914
9.531108091502878,200.0,1.28519699465037
9.533257511430556,186.8686868686869,1.2534637355232003
9.536495257185365,167.67676767676767,1.189997217268861
9.537351530440661,150.50505050505052,1.0947974398873521
9.538064630792494,143.43434343434345,1.0313309216330129
9.540988355014244,146.46464646464648,1.0630641807601826
9.546161559318637,152.52525252525254,1.110664069450937
9.546522408588297,148.4848484848485,1.0789308103237674
9.559654163054926,176.7676767676768,1.2217304763960306
9.561106996493029,137.37373737373738,0.936131144251504
9.568965514078357,138.3838383838384,0.9519977738150889
9.573025201176646,181.8181818181818,1.2375971059596156
9.579182421532856,164.64646464646466,1.1741305877052763
9.579766514136818,193.93939393939394,1.269330365086785
9.582217897603936,142.42424242424244,1.0154642920694281
9.582708717051414,172.72727272727275,1.2058638468324459
9.584228563562935,155.55555555555554,1.1265306990145219
9.590694389914237,136.36363636363637,0.8885312555607496
9.593616366356601,187.87878787878788,1.2534637355232003
9.596266323934653,136.36363636363637,0.8409313668699951
9.597748453006682,140.40404040404042,0.9837310329422585
9.597907012053472,137.37373737373738,0.9202645146879193
9.60112422407983,161.6161616161616,1.1582639581416914
9.601156345237596,136.36363636363637,0.8726646259971648
9.602680728016812,158.5858585858586,1.1423973285781066
9.602999907163765,136.36363636363637,0.85679799643358
9.60650875766001,168.6868686868687,1.189997217268861
9.60907621066592,145.45454545454547,1.0471975511965979
9.610414290105291,139.3939393939394,0.9678644033786736
9.61309633531914,182.82828282828285,1.2375971059596156
9.616065011085198,141.41414141414143,0.9995976625058433
9.62496217299517,177.77777777777777,1.2217304763960306
9.626756545012361,153.53535353535352,1.110664069450937
9.627248337509105,147.4747474747475,1.0630641807601826
9.627843283562814,144.44444444444446,1.0313309216330129
9.63094868182555,149.49494949494948,1.0789308103237674
9.637439546522362,194.94949494949498,1.269330365086785
9.650381586664196,173.73737373737373,1.2058638468324459
9.651402423742777,165.65656565656565,1.1741305877052763
9.653876085357659,188.8888888888889,1.2534637355232003
9.653971637226563,151.5151515151515,1.0947974398873521
9.660395341784245,138.3838383838384,0.936131144251504
9.662806022137831,156.56565656565658,1.1265306990145219
9.666772410091673,139.3939393939394,0.9519977738150889
9.673690419668644,143.43434343434345,1.0154642920694281
9.673731312577322,137.37373737373738,0.9043978851243344
9.675509797944425,162.62626262626264,1.1582639581416914
9.675891262764408,183.83838383838383,1.2375971059596156
9.67644877478962,169.6969696969697,1.189997217268861
9.679186879892788,159.59595959595958,1.1423973285781066
9.690182955686437,178.7878787878788,1.2217304763960306
9.6924776945266,141.41414141414143,0.9837310329422585
9.69425550139767,137.37373737373738,0.8885312555607496
9.69500556518883,195.95959595959596,1.269330365086785
9.697114770780598,146.46464646464648,1.0471975511965979
9.698668188665772,138.3838383838384,0.9202645146879193
9.706085053089636,137.37373737373738,0.8726646259971648
9.706713004975208,140.40404040404042,0.9678644033786736
9.707313548079037,154.54545454545456,1.110664069450937
9.709191686156345,142.42424242424244,0.9995976625058433
9.70926340584691,137.37373737373738,0.85679799643358
9.713494398836806,148.4848484848485,1.0630641807601826
9.714034446792962,189.8989898989899,1.2534637355232003
9.715353110523694,150.50505050505052,1.0789308103237674
9.71797320531126,174.74747474747477,1.2058638468324459
9.723554182457448,166.66666666666669,1.1741305877052763
9.732751588513992,196.96969696969697,1.269330365086785
9.736466108028239,152.52525252525254,1.0947974398873521
9.73859099106802,184.84848484848487,1.2375971059596156
9.741336427696902,157.57575757575756,1.1265306990145219
9.743731548495129,137.37373737373738,0.8250647373064104
9.746312501239716,170.70707070707073,1.189997217268861
9.749833245168082,163.63636363636363,1.1582639581416914
9.752918672279218,190.90909090909093,1.2534637355232003
9.755314014763973,179.7979797979798,1.2217304763960306
9.755637950318532,160.60606060606062,1.1423973285781066
9.756277155307844,145.45454545454547,1.0313309216330129
9.756464971371754,137.37373737373738,0.8409313668699951
9.759734311424909,139.3939393939394,0.936131144251504
9.764621711558174,140.40404040404042,0.9519977738150889
9.765171263021402,144.44444444444446,1.0154642920694281
9.775958018733196,138.3838383838384,0.9043978851243344
9.785143680653347,147.4747474747475,1.0471975511965979
9.785480931111094,175.75757575757575,1.2058638468324459
9.787231080165773,142.42424242424244,0.9837310329422585
9.78782889180523,155.55555555555554,1.110664069450937
9.790189144105833,197.97979797979798,1.269330365086785
9.79563474050176,167.67676767676767,1.1741305877052763
9.797890118460096,138.3838383838384,0.8885312555607496
9.799486435063148,139.3939393939394,0.9202645146879193
9.79972227772439,149.49494949494948,1.0630641807601826
9.799731632337654,151.5151515151515,1.0789308103237674
9.80119317787692,185.85858585858585,1.2375971059596156
9.802332636601895,143.43434343434345,0.9995976625058433
9.80304292132369,141.41414141414143,0.9678644033786736
9.811094831220315,138.3838383838384,0.8726646259971648
9.812953381636111,191.91919191919192,1.2534637355232003
9.816097151884877,171.7171717171717,1.189997217268861
9.818925025865843,153.53535353535352,1.0947974398873521
9.819816303088498,158.5858585858586,1.1265306990145219
9.820352872395157,180.80808080808083,1.2217304763960306
9.824091447522159,164.64646464646466,1.1582639581416914
9.83203064801558,161.6161616161616,1.1423973285781066
9.846051435664647,146.46464646464648,1.0313309216330129
9.847514973582483,198.989898989899,1.269330365086785
9.852705291435772,138.3838383838384,0.8250647373064104
9.8529021423611,176.7676767676768,1.2058638468324459
9.856655578842066,145.45454545454547,1.0154642920694281
9.859117994720384,140.40404040404042,0.936131144251504
9.863695497758743,186.8686868686869,1.2375971059596156
9.864158541062267,138.3838383838384,0.8409313668699951
9.867014437825794,138.3838383838384,0.85679799643358
9.867641164829937,168.6868686868687,1.1741305877052763
9.86829893299347,156.56565656565658,1.110664069450937
9.872881754235237,192.92929292929296,1.2534637355232003
9.873158513382089,148.4848484848485,1.0471975511965979
9.878244678049125,139.3939393939394,0.9043978851243344
9.885297069210205,181.8181818181818,1.2217304763960306
9.885799963675993,172.72727272727275,1.189997217268861
9.885927754194164,150.50505050505052,1.0630641807601826
9.895482826250813,144.44444444444446,0.9995976625058433
9.898242202059702,159.59595959595958,1.1265306990145219
9.898281312990196,165.65656565656565,1.1582639581416914
9.8993985817805,142.42424242424244,0.9678644033786736
9.900355652800009,140.40404040404042,0.9202645146879193
9.901344572190226,154.54545454545456,1.0947974398873521
9.901591714703953,139.3939393939394,0.8885312555607496
9.904727027442195,200.0,1.269330365086785
9.906841150852912,141.41414141414143,0.9519977738150889
9.90836171017147,162.62626262626264,1.1423973285781066
9.916178950756146,139.3939393939394,0.8726646259971648
9.919216663416043,152.52525252525254,1.0789308103237674
9.920234237440694,177.77777777777777,1.2058638468324459
9.92404070456298,143.43434343434345,0.9837310329422585
9.92609564216275,187.87878787878788,1.2375971059596156
9.932701617519887,193.93939393939394,1.2534637355232003
9.935816196535843,147.4747474747475,1.0313309216330129
9.939570546363106,169.6969696969697,1.1741305877052763
9.94813856761672,146.46464646464648,1.0154642920694281
9.948720061665554,157.57575757575756,1.110664069450937
9.950144164235295,182.82828282828285,1.2217304763960306
9.955418195511257,173.73737373737373,1.189997217268861
9.958540544531333,141.41414141414143,0.936131144251504
9.961154885802907,149.49494949494948,1.0471975511965979
9.961773184623539,139.3939393939394,0.8250647373064104
9.971937962397762,139.3939393939394,0.8409313668699951
9.972106649177569,151.5151515151515,1.0630641807601826
9.972399775573729,166.66666666666669,1.1582639581416914
9.973473851703258,139.3939393939394,0.85679799643358
9.976610708994542,160.60606060606062,1.1265306990145219
9.980585031224978,140.40404040404042,0.9043978851243344
9.983720964115319,155.55555555555554,1.0947974398873521
9.984627902212528,163.63636363636363,1.1423973285781066
9.987474634717346,178.7878787878788,1.2058638468324459
9.988391319382531,188.8888888888889,1.2375971059596156
9.988637270930495,145.45454545454547,0.9995976625058433
9.992410814472903,194.94949494949498,1.2534637355232003
9.995774586597706,143.43434343434345,0.9678644033786736
10.003506279740801,153.53535353535352,1.0789308103237674
10.004766921810436,142.42424242424244,0.9519977738150889
10.00535383556486,140.40404040404042,0.8885312555607496
10.011419999830801,170.70707070707073,1.1741305877052763
10.014891734828598,183.83838383838383,1.2217304763960306
10.018827732297432,144.44444444444446,0.9837310329422585
10.021330757350388,140.40404040404042,0.8726646259971648
10.024949128110801,174.74747474747477,1.189997217268861
10.025566885832708,148.4848484848485,1.0313309216330129
10.029088700770796,158.5858585858586,1.110664069450937
10.039615478675508,147.4747474747475,1.0154642920694281
10.046443795102464,167.67676767676767,1.1582639581416914
10.04790557452418,141.41414141414143,0.9202645146879193
10.049128458078457,150.50505050505052,1.0471975511965979
10.050580254520622,189.8989898989899,1.2375971059596156
10.05200720360483,195.95959595959596,1.2534637355232003
10.054620772455797,179.7979797979798,1.2058638468324459
10.054918438657232,161.6161616161616,1.1265306990145219
10.057996176713877,142.42424242424244,0.936131144251504
10.058254824132975,152.52525252525254,1.0630641807601826
10.060826017581036,164.64646464646466,1.1423973285781066
10.066050454095658,156.56565656565658,1.0947974398873521
10.06800205862414,175.75757575757575,1.189997217268861
10.07092798280132,140.40404040404042,0.8250647373064104
10.079537376618408,184.84848484848487,1.2217304763960306
10.079796203203374,140.40404040404042,0.8409313668699951
10.08000433917506,140.40404040404042,0.85679799643358
10.081791037981581,146.46464646464648,0.9995976625058433
10.082972887566441,141.41414141414143,0.9043978851243344
10.083186663616507,171.7171717171717,1.1741305877052763
10.087755294563367,154.54545454545456,1.0789308103237674
10.09216559312348,144.44444444444446,0.9678644033786736
10.102714658453106,143.43434343434345,0.9519977738150889
10.109170097709788,141.41414141414143,0.8885312555607496
10.10940130589889,159.59595959595958,1.110664069450937
10.111488658943106,196.96969696969697,1.2534637355232003
10.11266018945488,190.90909090909093,1.2375971059596156
10.113619960756305,145.45454545454547,0.9837310329422585
10.115298997283297,149.49494949494948,1.0313309216330129
10.120410357048975,168.6868686868687,1.1582639581416914
10.120460056139134,185.85858585858585,1.2217304763960306
10.121670108730372,180.80808080808083,1.2058638468324459
10.13316203594,162.62626262626264,1.1265306990145219
10.136952877517306,165.65656565656565,1.1423973285781066
10.137074933290215,151.5151515151515,1.0471975511965979
10.137419463400546,176.7676767676768,1.189997217268861
10.144368180667804,153.53535353535352,1.0630641807601826
10.148329329608714,157.57575757575756,1.0947974398873521
10.148868225213828,142.42424242424244,0.9202645146879193
10.15486769960731,172.72727272727275,1.1741305877052763
10.157479169557448,143.43434343434345,0.936131144251504
10.170771439442666,148.4848484848485,1.0154642920694281
10.170853070022103,197.97979797979798,1.2534637355232003
10.171959817869478,155.55555555555554,1.0789308103237674
10.174628882806307,191.91919191919192,1.2375971059596156
10.174939245774471,147.4747474747475,0.9995976625058433
10.176739743201312,141.41414141414143,0.8726646259971648
10.180162522901472,141.41414141414143,0.8250647373064104
10.184977445993434,186.8686868686869,1.2217304763960306
10.18540212439148,142.42424242424244,0.9043978851243344
10.186599152711837,141.41414141414143,0.85679799643358
10.187726310648966,141.41414141414143,0.8409313668699951
10.188566315275972,145.45454545454547,0.9678644033786736
10.188620121339989,181.8181818181818,1.2058638468324459
10.18965436499772,160.60606060606062,1.110664069450937
10.19429647234756,169.6969696969697,1.1582639581416914
10.200678874787636,144.44444444444446,0.9519977738150889
10.205008069999087,150.50505050505052,1.0313309216330129
10.206743502316844,177.77777777777777,1.189997217268861
10.208412322685744,146.46464646464648,0.9837310329422585
10.20947238871091,198.989898989899,1.2534637355232003
10.211338175615822,163.63636363636363,1.1265306990145219
10.213005330846107,166.66666666666669,1.1423973285781066
10.213034188429337,142.42424242424244,0.8885312555607496
10.214383769387721,192.92929292929296,1.2375971059596156
10.224990057034535,152.52525252525254,1.0471975511965979
10.226460293047275,173.73737373737373,1.1741305877052763
10.23044266016486,154.54545454545456,1.0630641807601826
10.230553912842064,158.5858585858586,1.0947974398873521
10.249387536261102,187.87878787878788,1.2217304763960306
10.249860257070292,143.43434343434345,0.9202645146879193
10.255468307726117,182.82828282828285,1.2058638468324459
10.256115996831683,156.56565656565658,1.0789308103237674
10.25698386322083,144.44444444444446,0.936131144251504
10.262206884794423,149.49494949494948,1.0154642920694281
10.268077063227983,148.4848484848485,0.9995976625058433
10.268099177217506,170.70707070707073,1.1582639581416914
10.268693997838442,200.0,1.2534637355232003
10.26984439809594,161.6161616161616,1.110664069450937
10.274536184136652,142.42424242424244,0.8091981077428255
10.275971526626012,178.7878787878788,1.189997217268861
10.276214756159792,193.93939393939394,1.2375971059596156
10.28201875430863,142.42424242424244,0.8726646259971648
10.284971523017667,146.46464646464648,0.9678644033786736
10.287866686432915,143.43434343434345,0.9043978851243344
10.288980253767853,167.67676767676767,1.1423973285781066
10.28944356209582,164.64646464646466,1.1265306990145219
10.289469723386109,142.42424242424244,0.8250647373064104
10.293251620705536,142.42424242424244,0.85679799643358
10.294689688045372,151.5151515151515,1.0313309216330129
10.295721410599677,142.42424242424244,0.8409313668699951
10.297961652394765,174.74747474747477,1.1741305877052763
10.298654143717487,145.45454545454547,0.9519977738150889
10.30319980407575,147.4747474747475,0.9837310329422585
10.31272056038528,159.59595959595958,1.0947974398873521
10.312869617022939,153.53535353535352,1.0471975511965979
10.31368798049684,188.8888888888889,1.2217304763960306
10.316939865025018,143.43434343434345,0.8885312555607496
10.3222121848933,183.83838383838383,1.2058638468324459
10.337929480792292,194.94949494949498,1.2375971059596156
10.340220015470248,157.57575757575756,1.0789308103237674
10.341815532990395,171.7171717171717,1.1582639581416914
10.345100908781504,179.7979797979798,1.189997217268861
10.349967957030469,162.62626262626264,1.110664069450937
10.350875862354126,144.44444444444446,0.9202645146879193
10.352600531178455,155.55555555555554,1.0630641807601826
10.353619211008567,150.50505050505052,1.0154642920694281
10.356504659167031,145.45454545454547,0.936131144251504
10.361199709330542,149.49494949494948,0.9995976625058433
10.36487454965411,168.6868686868687,1.1423973285781066
10.367474929191498,165.65656565656565,1.1265306990145219
10.369369009183393,175.75757575757575,1.1741305877052763
10.377876450205877,189.8989898989899,1.2217304763960306
10.381376041830755,147.4747474747475,0.9678644033786736
10.384339480015269,152.52525252525254,1.0313309216330129
10.385198698165205,143.43434343434345,0.8091981077428255
10.387342007441875,143.43434343434345,0.8726646259971648
10.388849289332462,184.84848484848487,1.2058638468324459
10.390360585237676,144.44444444444446,0.9043978851243344
10.394825662926833,160.60606060606062,1.0947974398873521
10.396635096496114,146.46464646464648,0.9519977738150889
10.397977443657071,148.4848484848485,0.9837310329422585
10.39884258357748,143.43434343434345,0.8250647373064104
10.399525754418452,195.95959595959596,1.2375971059596156
10.399955146824654,143.43434343434345,0.85679799643358
10.400709442686411,154.54545454545456,1.0471975511965979
10.403774706958126,143.43434343434345,0.8409313668699951
10.414129042333299,180.80808080808083,1.189997217268861
10.415442625941646,172.72727272727275,1.1582639581416914
10.420880954192208,144.44444444444446,0.8885312555607496
10.424268094319011,158.5858585858586,1.0789308103237674
10.430021625178867,163.63636363636363,1.110664069450937
10.438551005402237,156.56565656565658,1.0630641807601826
10.440679617886754,176.7676767676768,1.1741305877052763
10.44068514884774,169.6969696969697,1.1423973285781066
10.44195063479659,190.90909090909093,1.2217304763960306
10.445003881926478,151.5151515151515,1.0154642920694281
10.445429039881592,166.66666666666669,1.1265306990145219
10.451909297031015,145.45454545454547,0.9202645146879193
10.454302452664164,150.50505050505052,0.9995976625058433
10.455377176946532,185.85858585858585,1.2058638468324459
10.456036019597487,146.46464646464648,0.936131144251504
10.461001404736745,196.96969696969697,1.2375971059596156
10.473953118607827,153.53535353535352,1.0313309216330129
10.47686564495577,161.6161616161616,1.0947974398873521
10.4777747521937,148.4848484848485,0.9678644033786736
10.48305334182722,181.8181818181818,1.189997217268861
10.484549171588874,177.77777777777777,1.1741305877052763
10.488505404784357,155.55555555555554,1.0471975511965979
10.488977567126048,173.73737373737373,1.1582639581416914
10.492703173336247,144.44444444444446,0.8726646259971648
10.492740332400327,149.49494949494948,0.9837310329422585
10.492877898563494,145.45454545454547,0.9043978851243344
10.49461642218072,147.4747474747475,0.9519977738150889
10.49592753622092,144.44444444444446,0.8091981077428255
10.497161982137037,186.8686868686869,1.2058638468324459
10.505908241534788,191.91919191919192,1.2217304763960306
10.50670320936303,144.44444444444446,0.85679799643358
10.508256490095942,159.59595959595958,1.0789308103237674
10.508274182979648,144.44444444444446,0.8250647373064104
10.510002017196475,164.64646464646466,1.110664069450937
10.51187948099922,144.44444444444446,0.8409313668699951
10.516409008467283,170.70707070707073,1.1423973285781066
10.52235427598881,197.97979797979798,1.2375971059596156
10.523302686083671,167.67676767676767,1.1265306990145219
10.524447928128621,157.57575757575756,1.0630641807601826
10.5248513513997,145.45454545454547,0.8885312555607496
10.536356407956088,152.52525252525254,1.0154642920694281
10.54738061093143,151.5151515151515,0.9995976625058433
10.55187124270709,182.82828282828285,1.189997217268861
10.552954880184942,146.46464646464648,0.9202645146879193
10.555572466886243,147.4747474747475,0.936131144251504
10.55573320951742,178.7878787878788,1.1741305877052763
10.55883696446846,162.62626262626264,1.0947974398873521
10.562417492217289,174.74747474747477,1.1582639581416914
10.563526320210235,154.54545454545456,1.0313309216330129
10.563551039429719,187.87878787878788,1.2058638468324459
10.569746995499864,192.92929292929296,1.2217304763960306
10.574162589059679,149.49494949494948,0.9678644033786736
10.57625341501795,156.56565656565658,1.0471975511965979
10.583582228938049,198.989898989899,1.2375971059596156
10.587483613017705,150.50505050505052,0.9837310329422585
10.589905778758478,165.65656565656565,1.110664069450937
10.592043112215775,171.7171717171717,1.1423973285781066
10.592181495378652,160.60606060606062,1.0789308103237674
10.592592867086937,148.4848484848485,0.9519977738150889
10.595412769773523,146.46464646464648,0.9043978851243344
10.598095994026355,145.45454545454547,0.8726646259971648
10.601092688430292,168.6868686868687,1.1265306990145219
10.606715653458412,145.45454545454547,0.8091981077428255
10.610287417314662,158.5858585858586,1.0630641807601826
10.613489360583522,145.45454545454547,0.85679799643358
10.61775768059217,145.45454545454547,0.8250647373064104
10.620029090698257,145.45454545454547,0.8409313668699951
10.620580201219738,183.83838383838383,1.189997217268861
10.623066247180391,200.0,1.2375971059596156
10.62681437417051,179.7979797979798,1.1741305877052763
10.627672345627438,153.53535353535352,1.0154642920694281
10.62884502026619,146.46464646464648,0.8885312555607496
10.6298254225781,188.8888888888889,1.2058638468324459
10.633464639542355,193.93939393939394,1.2217304763960306
10.635759561351376,175.75757575757575,1.1582639581416914
10.640429550485942,152.52525252525254,0.9995976625058433
10.640736112680187,163.63636363636363,1.0947974398873521
10.653054844484315,155.55555555555554,1.0313309216330129
10.654006993430894,147.4747474747475,0.9202645146879193
10.655108583014432,148.4848484848485,0.936131144251504
10.663949425648251,157.57575757575756,1.0471975511965979
10.667584470193857,172.72727272727275,1.1423973285781066
10.669729586306875,166.66666666666669,1.110664069450937
10.67405434421498,194.94949494949498,1.2217304763960306
10.67603943828506,161.6161616161616,1.0789308103237674
10.678795896049877,169.6969696969697,1.1265306990145219
10.6822024794674,151.5151515151515,0.9837310329422585
10.68917769432282,184.84848484848487,1.189997217268861
10.690559234245079,149.49494949494948,0.9519977738150889
10.695982749144322,189.8989898989899,1.2058638468324459
10.696065628904774,159.59595959595958,1.0630641807601826
10.697789994132883,180.80808080808083,1.1741305877052763
10.697959407229881,147.4747474747475,0.9043978851243344
10.703514282202415,146.46464646464648,0.8726646259971648
10.709000958973935,176.7676767676768,1.1582639581416914
10.713557828443886,150.50505050505052,0.9678644033786736
10.71755608668028,146.46464646464648,0.8091981077428255
10.718947297152535,154.54545454545456,1.0154642920694281
10.720307226057002,146.46464646464648,0.85679799643358
10.72255961374179,164.64646464646466,1.0947974398873521
10.72728631421698,146.46464646464648,0.8250647373064104
10.72821697005361,146.46464646464648,0.8409313668699951
10.733444685866377,153.53535353535352,0.9995976625058433
10.737620369638654,195.95959595959596,1.2217304763960306
10.742534493957722,156.56565656565658,1.0313309216330129
10.743030118717,173.73737373737373,1.1423973285781066
10.74947014680196,167.67676767676767,1.110664069450937
10.751589429118988,158.5858585858586,1.0471975511965979
10.753711756206835,177.77777777777777,1.1582639581416914
10.754639009005833,149.49494949494948,0.936131144251504
10.755060080327427,148.4848484848485,0.9202645146879193
10.756409186352009,170.70707070707073,1.1265306990145219
10.757661219595324,185.85858585858585,1.189997217268861
10.759826682158796,162.62626262626264,1.0789308103237674
10.762020655727872,190.90909090909093,1.2058638468324459
10.768657420265978,181.8181818181818,1.1741305877052763
10.776892176461402,152.52525252525254,0.9837310329422585
10.781778756484766,160.60606060606062,1.0630641807601826
10.781795843844739,147.4747474747475,0.8885312555607496
10.788510382858073,150.50505050505052,0.9519977738150889
10.800512083686245,148.4848484848485,0.9043978851243344
10.801060231316105,196.96969696969697,1.2217304763960306
10.804304024461148,165.65656565656565,1.0947974398873521
10.808951920563736,147.4747474747475,0.8726646259971648
10.809886330963396,151.5151515151515,0.9678644033786736
10.810176909989256,155.55555555555554,1.0154642920694281
10.818377120136923,174.74747474747477,1.1423973285781066
10.826028295150708,186.8686868686869,1.189997217268861
10.82642147933441,154.54545454545456,0.9995976625058433
10.826820563430715,178.7878787878788,1.1582639581416914
10.827150503997714,147.4747474747475,0.85679799643358
10.82793679790597,191.91919191919192,1.2058638468324459
10.82844195362193,147.4747474747475,0.8091981077428255
10.829124197478938,168.6868686868687,1.110664069450937
10.831961113619505,157.57575757575756,1.0313309216330129
10.83392946481728,171.7171717171717,1.1265306990145219
10.836436628404343,147.4747474747475,0.8409313668699951
10.836853399759294,147.4747474747475,0.8250647373064104
10.83916945768436,159.59595959595958,1.0471975511965979
10.839414025593975,182.82828282828285,1.1741305877052763
10.843539625259831,163.63636363636363,1.0789308103237674
10.854158444363595,150.50505050505052,0.936131144251504
10.85610864578982,149.49494949494948,0.9202645146879193
10.86437172790529,197.97979797979798,1.2217304763960306
10.867423030940675,161.6161616161616,1.0630641807601826
10.868647286337794,187.87878787878788,1.189997217268861
10.871547998976622,153.53535353535352,0.9837310329422585
10.885805998540905,148.4848484848485,0.8885312555607496
10.885965934029711,166.66666666666669,1.0947974398873521
10.886441227761734,151.5151515151515,0.9519977738150889
10.893622562667126,175.75757575757575,1.1423973285781066
10.89372885017597,192.92929292929296,1.2058638468324459
10.899822415881943,179.7979797979798,1.1582639581416914
10.901356876409773,156.56565656565658,1.0154642920694281
10.903065135680396,149.49494949494948,0.9043978851243344
10.906185866055939,152.52525252525254,0.9678644033786736
10.908688505609046,169.6969696969697,1.110664069450937
10.91005720519295,183.83838383838383,1.1741305877052763
10.911353664791589,172.72727272727275,1.1265306990145219
10.914402861170121,148.4848484848485,0.8726646259971648
10.919355440416647,155.55555555555554,0.9995976625058433
10.92133059052062,158.5858585858586,1.0313309216330129
10.923463454604258,148.4848484848485,0.7933314781792408
10.926685583041655,160.60606060606062,1.0471975511965979
10.927174700460062,164.64646464646466,1.0789308103237674
10.927552675613784,198.989898989899,1.2217304763960306
10.934012964595464,148.4848484848485,0.85679799643358
10.93686513974507,188.8888888888889,1.189997217268861
10.939366452230121,148.4848484848485,0.8091981077428255
10.944681649744018,148.4848484848485,0.8409313668699951
10.946452330523387,148.4848484848485,0.8250647373064104
10.952994720122861,162.62626262626264,1.0630641807601826
10.957147255504143,150.50505050505052,0.9202645146879193
10.95939450589931,193.93939393939394,1.2058638468324459
10.966165291769837,154.54545454545456,0.9837310329422585
10.967541963753833,167.67676767676767,1.0947974398873521
10.968763560212357,176.7676767676768,1.1423973285781066
10.972714576727954,180.80808080808083,1.1582639581416914
10.980584376082984,184.84848484848487,1.1741305877052763
10.984346738887648,152.52525252525254,0.9519977738150889
10.988159868265369,170.70707070707073,1.110664069450937
10.988678747284718,173.73737373737373,1.1265306990145219
10.989818069266235,149.49494949494948,0.8885312555607496
10.99060090816611,200.0,1.2217304763960306
10.992482933073555,157.57575757575756,1.0154642920694281
10.99896604144995,151.5151515151515,0.936131144251504
11.000846870781048,194.94949494949498,1.2058638468324459
11.00245160783782,153.53535353535352,0.9678644033786736
11.004961003111868,189.8989898989899,1.189997217268861
11.005612962927167,150.50505050505052,0.9043978851243344
11.010638853379309,159.59595959595958,1.0313309216330129
11.010728374944,165.65656565656565,1.0789308103237674
11.012242125450957,156.56565656565658,0.9995976625058433
11.014133915969055,161.6161616161616,1.0471975511965979
11.014292720272088,177.77777777777777,1.1423973285781066
11.019861124791758,149.49494949494948,0.8726646259971648
11.035724296529398,149.49494949494948,0.7933314781792408
11.038490128515102,163.63636363636363,1.0630641807601826
11.040888449345852,149.49494949494948,0.85679799643358
11.045494332703717,181.8181818181818,1.1582639581416914
11.049028766791157,168.6868686868687,1.0947974398873521
11.050322859936209,149.49494949494948,0.8091981077428255
11.050992977123116,185.85858585858585,1.1741305877052763
11.05294569203124,149.49494949494948,0.8409313668699951
11.056076576504108,149.49494949494948,0.8250647373064104
11.058170535342718,151.5151515151515,0.9202645146879193
11.060739448896427,155.55555555555554,0.9837310329422585
11.065901700773322,174.74747474747477,1.1265306990145219
11.06635286546774,195.95959595959596,1.2058638468324459
11.067535112093434,171.7171717171717,1.110664069450937
11.072932459883237,190.90909090909093,1.189997217268861
11.082221940728889,153.53535353535352,0.9519977738150889
11.083550860605168,158.5858585858586,1.0154642920694281
11.0892954157632,178.7878787878788,1.1423973285781066
11.093826317506556,150.50505050505052,0.8885312555607496
11.094197149914383,166.66666666666669,1.0789308103237674
11.098421428505885,152.52525252525254,0.936131144251504
11.098678782289786,154.54545454545456,0.9678644033786736
11.099881872191387,160.60606060606062,1.0313309216330129
11.10151060596847,162.62626262626264,1.0471975511965979
11.105077137137211,157.57575757575756,0.9995976625058433
11.108150027712073,151.5151515151515,0.9043978851243344
11.11815899398146,182.82828282828285,1.1582639581416914
11.121280468909076,186.8686868686869,1.1741305877052763
11.12390559690881,164.64646464646466,1.0630641807601826
11.125320800258478,150.50505050505052,0.8726646259971648
11.130423027891721,169.6969696969697,1.0947974398873521
11.13172730334966,196.96969696969697,1.2058638468324459
11.14077711360855,191.91919191919192,1.189997217268861
11.143019541008119,175.75757575757575,1.1265306990145219
11.14681109308623,172.72727272727275,1.110664069450937
11.147770870378576,150.50505050505052,0.85679799643358
11.148017105203358,150.50505050505052,0.7933314781792408
11.1525986670833,153.53535353535352,0.936131144251504
11.155265913233558,156.56565656565658,0.9837310329422585
11.15917317078161,152.52525252525254,0.9202645146879193
11.161222486497708,150.50505050505052,0.8409313668699951
11.161304532924747,150.50505050505052,0.8091981077428255
11.164187222702935,179.7979797979798,1.1423973285781066
11.164739062519502,187.87878787878788,1.1741305877052763
11.16571968367504,150.50505050505052,0.8250647373064104
11.173574015800526,165.65656565656565,1.0630641807601826
11.17455648317683,159.59595959595958,1.0154642920694281
11.177577560303053,167.67676767676767,1.0789308103237674
11.1800619118091,154.54545454545456,0.9519977738150889
11.188811840913527,163.63636363636363,1.0471975511965979
11.189055657845698,161.6161616161616,1.0313309216330129
11.189376339929238,176.7676767676768,1.1265306990145219
11.190705894043415,183.83838383838383,1.1582639581416914
11.194862666752625,155.55555555555554,0.9678644033786736
11.19696793720617,197.97979797979798,1.2058638468324459
11.197825069665472,151.5151515151515,0.8885312555607496
11.197856124092691,158.5858585858586,0.9995976625058433
11.208492587869838,192.92929292929296,1.189997217268861
11.210670854286672,152.52525252525254,0.9043978851243344
11.211721463143935,170.70707070707073,1.0947974398873521
11.225984696363813,173.73737373737373,1.110664069450937
11.230776043808616,151.5151515151515,0.8726646259971648
11.23487027230988,188.8888888888889,1.1741305877052763
11.23896533837693,180.80808080808083,1.1423973285781066
11.249740176007442,157.57575757575756,0.9837310329422585
11.252022284924704,154.54545454545456,0.936131144251504
11.252966129987348,152.52525252525254,0.8885312555607496
11.254654209784913,151.5151515151515,0.85679799643358
11.258879387284535,166.66666666666669,1.0630641807601826
11.260149906320203,153.53535353535352,0.9202645146879193
11.260335123155146,151.5151515151515,0.7933314781792408
11.260866174486619,168.6868686868687,1.0789308103237674
11.262072538398279,198.989898989899,1.2058638468324459
11.263132389558084,184.84848484848487,1.1582639581416914
11.265495668096138,160.60606060606062,1.0154642920694281
11.266354180731554,177.77777777777777,1.1265306990145219
11.269505836954423,151.5151515151515,0.8409313668699951
11.272304905398443,151.5151515151515,0.8091981077428255
11.275375273273823,151.5151515151515,0.8250647373064104
11.276033846702761,164.64646464646466,1.0471975511965979
11.276076526211861,193.93939393939394,1.189997217268861
11.277861784155077,155.55555555555554,0.9519977738150889
11.278156261744567,162.62626262626264,1.0313309216330129
11.29057478041228,159.59595959595958,0.9995976625058433
11.290998589426481,156.56565656565658,0.9678644033786736
11.292920819725436,171.7171717171717,1.0947974398873521
11.304874705319827,189.8989898989899,1.1741305877052763
11.305052835957394,174.74747474747477,1.110664069450937
11.309707674035332,169.6969696969697,1.0789308103237674
11.313170028265352,153.53535353535352,0.9043978851243344
11.313626984939578,181.8181818181818,1.1423973285781066
11.327038896823328,200.0,1.2058638468324459
11.335435860259135,185.85858585858585,1.1582639581416914
11.336221078438406,152.52525252525254,0.8726646259971648
11.340935609462772,172.72727272727275,1.0947974398873521
11.343220240416425,178.7878787878788,1.1265306990145219
11.343526592074316,194.94949494949498,1.189997217268861
11.344096577824917,167.67676767676767,1.0630641807601826
11.344157776325577,158.5858585858586,0.9837310329422585
11.351409267273691,155.55555555555554,0.936131144251504
11.352217074041246,175.75757575757575,1.110664069450937
11.356364325398621,161.6161616161616,1.0154642920694281
11.3569592747866,153.53535353535352,0.8885312555607496
11.361095544903604,154.54545454545456,0.9202645146879193
11.36153251894496,152.52525252525254,0.85679799643358
11.363172886918045,165.65656565656565,1.0471975511965979
11.367179775429689,163.63636363636363,1.0313309216330129
11.372671672998804,152.52525252525254,0.7933314781792408
11.374749891487236,190.90909090909093,1.1741305877052763
11.375616742773284,156.56565656565658,0.9519977738150889
11.377789619096978,152.52525252525254,0.8409313668699951
11.383228845233619,160.60606060606062,0.9995976625058433
11.38331748884024,152.52525252525254,0.8091981077428255
11.385037041085665,152.52525252525254,0.8250647373064104
11.38578714069967,195.95959595959596,1.189997217268861
11.387081928874833,157.57575757575756,0.9678644033786736
11.388169409267102,182.82828282828285,1.1423973285781066
11.39287137024823,170.70707070707073,1.0789308103237674
11.407613708827542,186.8686868686869,1.1582639581416914
11.415642196024656,154.54545454545456,0.9043978851243344
11.419971623560539,179.7979797979798,1.1265306990145219
11.422001260582423,173.73737373737373,1.0947974398873521
11.429222049096335,168.6868686868687,1.0630641807601826
11.43114404670238,176.7676767676768,1.110664069450937
11.438514300713303,159.59595959595958,0.9837310329422585
11.440354382104639,158.5858585858586,0.9678644033786736
11.441650193252146,153.53535353535352,0.8726646259971648
11.444493381987478,191.91919191919192,1.1741305877052763
11.447158407445764,162.62626262626264,1.0154642920694281
11.450225262488308,166.66666666666669,1.0471975511965979
11.450754652809314,156.56565656565658,0.936131144251504
11.451890383685361,187.87878787878788,1.1582639581416914
11.453066863751719,196.96969696969697,1.189997217268861
11.456122330213029,164.64646464646466,1.0313309216330129
11.460929778370526,154.54545454545456,0.8885312555607496
11.462004947348044,155.55555555555554,0.9202645146879193
11.462589882813738,183.83838383838383,1.1423973285781066
11.46679062580294,153.53535353535352,0.7774648486156559
11.468399917855024,153.53535353535352,0.85679799643358
11.473322025130306,157.57575757575756,0.9519977738150889
11.475814102307305,161.6161616161616,0.9995976625058433
11.47593556503677,171.7171717171717,1.0789308103237674
11.485020156671455,153.53535353535352,0.7933314781792408
11.486067779810197,153.53535353535352,0.8409313668699951
11.49433587127335,153.53535353535352,0.8091981077428255
11.494698756725558,153.53535353535352,0.8250647373064104
11.496605461089507,180.80808080808083,1.1265306990145219
11.50296054510649,174.74747474747477,1.0947974398873521
11.509958653796879,177.77777777777777,1.110664069450937
11.514102749147348,192.92929292929296,1.1741305877052763
11.514252297526065,169.6969696969697,1.0630641807601826
11.518082064105004,155.55555555555554,0.9043978851243344
11.520207489107841,197.97979797979798,1.189997217268861
11.52390518530783,188.8888888888889,1.1582639581416914
11.532805382655676,160.60606060606062,0.9837310329422585
11.536366523244183,159.59595959595958,0.9678644033786736
11.53688570147141,184.84848484848487,1.1423973285781066
11.537187311358359,167.67676767676767,1.0471975511965979
11.537873908528118,163.63636363636363,1.0154642920694281
11.544980096813346,165.65656565656565,1.0313309216330129
11.547057742813822,154.54545454545456,0.8726646259971648
11.550053534818414,157.57575757575756,0.936131144251504
11.558896937353492,172.72727272727275,1.0789308103237674
11.56287303176957,156.56565656565658,0.9202645146879193
11.564872189503262,155.55555555555554,0.8885312555607496
11.568326379572326,162.62626262626264,0.9995976625058433
11.570972920637866,158.5858585858586,0.9519977738150889
11.573118910109898,181.8181818181818,1.1265306990145219
11.575250594455849,154.54545454545456,0.85679799643358
11.580454618994668,154.54545454545456,0.7774648486156559
11.583575586361091,193.93939393939394,1.1741305877052763
11.583810312407287,175.75757575757575,1.0947974398873521
11.587206742986993,198.989898989899,1.189997217268861
11.588657903827551,178.7878787878788,1.110664069450937
11.594334336473104,154.54545454545456,0.8409313668699951
11.59578856818384,189.8989898989899,1.1582639581416914
11.597374054669082,154.54545454545456,0.7933314781792408
11.599183853999907,170.70707070707073,1.0630641807601826
11.604354262919886,154.54545454545456,0.8250647373064104
11.605353716519675,154.54545454545456,0.8091981077428255
11.611054185432616,185.85858585858585,1.1423973285781066
11.62048439861581,156.56565656565658,0.9043978851243344
11.624055408163267,168.6868686868687,1.0471975511965979
11.627026702144114,161.6161616161616,0.9837310329422585
11.628506864473774,164.64646464646466,1.0154642920694281
11.632315524338367,160.60606060606062,0.9678644033786736
11.633749284997682,166.66666666666669,1.0313309216330129
11.636394048199802,155.55555555555554,0.7774648486156559
11.641752198240729,173.73737373737373,1.0789308103237674
11.649301060656876,158.5858585858586,0.936131144251504
11.649509153745118,182.82828282828285,1.1265306990145219
11.652438146500668,155.55555555555554,0.8726646259971648
11.652909508008342,194.94949494949498,1.1741305877052763
11.654062371168006,200.0,1.189997217268861
11.660761548736678,163.63636363636363,0.9995976625058433
11.663694773016621,157.57575757575756,0.9202645146879193
11.664547441757426,176.7676767676768,1.0947974398873521
11.667238833176816,179.7979797979798,1.110664069450937
11.667538008383215,190.90909090909093,1.1582639581416914
11.668564770142158,159.59595959595958,0.9519977738150889
11.668781118844562,156.56565656565658,0.8885312555607496
11.68207880396219,155.55555555555554,0.85679799643358
11.684013283573153,171.7171717171717,1.0630641807601826
11.685092679056394,186.8686868686869,1.1423973285781066
11.69598867972594,195.95959595959596,1.1741305877052763
11.70258337626448,155.55555555555554,0.8409313668699951
11.709726925280597,155.55555555555554,0.7933314781792408
11.710825963907663,169.6969696969697,1.0471975511965979
11.7139974747881,155.55555555555554,0.8250647373064104
11.716364763457747,155.55555555555554,0.8091981077428255
11.71905335226224,165.65656565656565,1.0154642920694281
11.721173985228438,162.62626262626264,0.9837310329422585
11.72242614322853,167.67676767676767,1.0313309216330129
11.722844024643589,157.57575757575756,0.9043978851243344
11.724498090576688,174.74747474747477,1.0789308103237674
11.72577340097471,183.83838383838383,1.1265306990145219
11.728196934453553,161.6161616161616,0.9678644033786736
11.730166138169148,187.87878787878788,1.1423973285781066
11.739151004353372,191.91919191919192,1.1582639581416914
11.745168842109178,177.77777777777777,1.0947974398873521
11.74569850591726,180.80808080808083,1.110664069450937
11.748492431214983,159.59595959595958,0.936131144251504
11.750101488919912,156.56565656565658,0.7774648486156559
11.753115524863368,164.64646464646466,0.9995976625058433
11.757785887858969,156.56565656565658,0.8726646259971648
11.764465202106354,158.5858585858586,0.9202645146879193
11.765144735851653,196.96969696969697,1.1741305877052763
11.766092965418196,160.60606060606062,0.9519977738150889
11.768737185186454,172.72727272727275,1.0630641807601826
11.770545796500384,166.66666666666669,1.0154642920694281
11.772651238333678,157.57575757575756,0.8885312555607496
11.78887886819429,156.56565656565658,0.85679799643358
11.797495425650588,170.70707070707073,1.0471975511965979
11.801908886477287,184.84848484848487,1.1265306990145219
11.804035110362362,188.8888888888889,1.1423973285781066
11.807131388826258,175.75757575757575,1.0789308103237674
11.810625076818487,192.92929292929296,1.1582639581416914
11.810809055469782,156.56565656565658,0.8409313668699951
11.811006958316254,168.6868686868687,1.0313309216330129
11.813167826400761,157.57575757575756,0.8726646259971648
11.815243003574084,163.63636363636363,0.9837310329422585
11.822072403821277,156.56565656565658,0.7933314781792408
11.823622379125096,156.56565656565658,0.8250647373064104
11.824006350655765,162.62626262626264,0.9678644033786736
11.824034013625921,181.8181818181818,1.110664069450937
11.825155825663998,158.5858585858586,0.9043978851243344
11.825671451878156,178.7878787878788,1.0947974398873521
11.82736282528053,156.56565656565658,0.8091981077428255
11.83415654396582,197.97979797979798,1.1741305877052763
11.845384265962016,165.65656565656565,0.9995976625058433
11.847622900387632,160.60606060606062,0.936131144251504
11.85335219138686,173.73737373737373,1.0630641807601826
11.86097477872497,167.67676767676767,1.0154642920694281
11.863552948668895,161.6161616161616,0.9519977738150889
11.863804824128263,157.57575757575756,0.7774648486156559
11.865179405665518,159.59595959595958,0.9202645146879193
11.876477280576548,158.5858585858586,0.8885312555607496
11.87776816462407,189.8989898989899,1.1423973285781066
11.877912870476768,185.85858585858585,1.1265306990145219
11.878058879185387,157.57575757575756,0.7933314781792408
11.881957768680977,193.93939393939394,1.1582639581416914
11.884060276195354,171.7171717171717,1.0471975511965979
11.889648898796537,176.7676767676768,1.0789308103237674
11.895645174911579,157.57575757575756,0.85679799643358
11.899488055076937,169.6969696969697,1.0313309216330129
11.902242475202753,182.82828282828285,1.110664069450937
11.903021784844448,198.989898989899,1.1741305877052763
11.906052238731327,179.7979797979798,1.0947974398873521
11.909229574024756,164.64646464646466,0.9837310329422585
11.91848129212694,158.5858585858586,0.8726646259971648
11.91900559878988,157.57575757575756,0.8409313668699951
11.919739417544626,163.63636363636363,0.9678644033786736
11.923800107324174,186.8686868686869,1.1265306990145219
11.925873488839114,194.94949494949498,1.1582639581416914
11.927414742957911,159.59595959595958,0.9043978851243344
11.933223033684781,157.57575757575756,0.8250647373064104
11.937563772585678,166.66666666666669,0.9995976625058433
11.93785496805384,174.74747474747477,1.0630641807601826
11.938341788753636,157.57575757575756,0.8091981077428255
11.946687774549215,161.6161616161616,0.936131144251504
11.951308420185072,168.6868686868687,1.0154642920694281
11.951362722786191,190.90909090909093,1.1423973285781066
11.960940212029561,162.62626262626264,0.9519977738150889
11.965832525375582,160.60606060606062,0.9202645146879193
11.970517033784771,172.72727272727275,1.0471975511965979
11.971738159851208,200.0,1.1741305877052763
11.97204745739699,177.77777777777777,1.0789308103237674
11.97749762604537,158.5858585858586,0.7774648486156559
11.980254038236877,159.59595959595958,0.8885312555607496
11.980321036692509,183.83838383838383,1.110664069450937
11.986308199379184,180.80808080808083,1.0947974398873521
11.98786579599549,170.70707070707073,1.0313309216330129
11.990418385968209,158.5858585858586,0.7933314781792408
11.994291844336525,158.5858585858586,0.8091981077428255
11.997024129346258,195.95959595959596,1.1582639581416914
11.999631784427125,187.87878787878788,1.1265306990145219
12.00237217714916,158.5858585858586,0.85679799643358
12.003129558170631,165.65656565656565,0.9837310329422585
12.015391826792493,164.64646464646466,0.9678644033786736
12.0222422141301,175.75757575757575,1.0630641807601826
12.023749329439415,159.59595959595958,0.8726646259971648
12.024816230205388,191.91919191919192,1.1423973285781066
12.027042218211712,184.84848484848487,1.110664069450937
12.027167298652016,158.5858585858586,0.8409313668699951
12.029615775031806,160.60606060606062,0.9043978851243344
12.029650087433398,167.67676767676767,0.9995976625058433
12.038568160367545,171.7171717171717,1.0313309216330129
12.04154293529217,169.6969696969697,1.0154642920694281
12.042793566465303,158.5858585858586,0.8250647373064104
12.045682412033624,162.62626262626264,0.936131144251504
12.054323932404046,178.7878787878788,1.0789308103237674
12.056862251801478,173.73737373737373,1.0471975511965979
12.05795081034476,159.59595959595958,0.85679799643358
12.05825029707728,163.63636363636363,0.9519977738150889
12.066419757422858,161.6161616161616,0.9202645146879193
12.066436359372215,181.8181818181818,1.0947974398873521
12.068027899576313,196.96969696969697,1.1582639581416914
12.070557933452031,159.59595959595958,0.7615982190520711
12.075325842767421,188.8888888888889,1.1265306990145219
12.082906786069662,159.59595959595958,0.8409313668699951
12.083976363431049,160.60606060606062,0.8885312555607496
12.091173544537684,159.59595959595958,0.7774648486156559
12.096938861922064,166.66666666666669,0.9837310329422585
12.098126155647378,192.92929292929296,1.1423973285781066
12.098663633632496,159.59595959595958,0.8250647373064104
12.10275560501649,159.59595959595958,0.7933314781792408
12.104949709185759,185.85858585858585,1.110664069450937
12.105265766862479,159.59595959595958,0.8091981077428255
12.106510661357417,176.7676767676768,1.0630641807601826
12.11095931668923,165.65656565656565,0.9678644033786736
12.120836038965034,162.62626262626264,0.9202645146879193
12.12163929495831,168.6868686868687,0.9995976625058433
12.126806639324483,172.72727272727275,1.0313309216330129
12.128966640734772,160.60606060606062,0.8726646259971648
12.131674577781515,170.70707070707073,1.0154642920694281
12.13175397704267,161.6161616161616,0.9043978851243344
12.136475222230432,179.7979797979798,1.0789308103237674
12.138882412849867,197.97979797979798,1.1582639581416914
12.142861933775807,193.93939393939394,1.1423973285781066
12.143092518473306,174.74747474747477,1.0471975511965979
12.144602222619477,163.63636363636363,0.936131144251504
12.146433772901217,182.82828282828285,1.0947974398873521
12.14946073699257,167.67676767676767,0.9837310329422585
12.150879624745416,189.8989898989899,1.1265306990145219
12.155478794346152,164.64646464646466,0.9519977738150889
12.164637116145087,160.60606060606062,0.85679799643358
12.182720924024007,186.8686868686869,1.110664069450937
12.184809965151626,180.80808080808083,1.0789308103237674
12.185530633802975,160.60606060606062,0.7615982190520711
12.187639167127745,161.6161616161616,0.8885312555607496
12.190657074017103,177.77777777777777,1.0630641807601826
12.191036414192006,160.60606060606062,0.8409313668699951
12.192996595662322,175.75757575757575,1.0471975511965979
12.193932814936801,183.83838383838383,1.0947974398873521
12.204826306326945,160.60606060606062,0.7774648486156559
12.206437671692584,166.66666666666669,0.9678644033786736
12.208211236017915,160.60606060606062,0.8250647373064104
12.209000927777343,165.65656565656565,0.9519977738150889
12.209585304192723,198.989898989899,1.1582639581416914
12.21352752098141,169.6969696969697,0.9995976625058433
12.214933566534773,173.73737373737373,1.0313309216330129
12.21506443560927,160.60606060606062,0.7933314781792408
12.215986054901434,194.94949494949498,1.1423973285781066
12.216206324933957,160.60606060606062,0.8091981077428255
12.22133907184912,163.63636363636363,0.9202645146879193
12.2216996403594,171.7171717171717,1.0154642920694281
12.226290497575135,190.90909090909093,1.1265306990145219
12.23382446022775,162.62626262626264,0.9043978851243344
12.234127989522197,161.6161616161616,0.8726646259971648
12.239769235552366,178.7878787878788,1.0630641807601826
12.24146157346692,161.6161616161616,0.7615982190520711
12.24314864731646,168.6868686868687,0.9837310329422585
12.243442667020728,164.64646464646466,0.936131144251504
12.260353096493638,187.87878787878788,1.110664069450937
12.266794955139801,181.8181818181818,1.0789308103237674
12.271271268509093,161.6161616161616,0.85679799643358
12.273757444281859,184.84848484848487,1.0947974398873521
12.279072904643938,176.7676767676768,1.0471975511965979
12.280134230251015,200.0,1.1582639581416914
12.28896093990333,195.95959595959596,1.1423973285781066
12.291237418551905,162.62626262626264,0.8885312555607496
12.299117947895857,161.6161616161616,0.8409313668699951
12.301555853150118,191.91919191919192,1.1265306990145219
12.301822721984086,167.67676767676767,0.9678644033786736
12.302945429320483,174.74747474747477,1.0313309216330129
12.305310932310839,170.70707070707073,0.9995976625058433
12.306121930490615,166.66666666666669,0.9519977738150889
12.31161445435599,172.72727272727275,1.0154642920694281
12.317715053026765,161.6161616161616,0.8250647373064104
12.31844971420099,161.6161616161616,0.7774648486156559
12.321765204369287,164.64646464646466,0.9202645146879193
12.323752947434487,179.7979797979798,1.0630641807601826
12.327107656995718,161.6161616161616,0.8091981077428255
12.327338850418919,161.6161616161616,0.7933314781792408
12.335822391339562,163.63636363636363,0.9043978851243344
12.336736589524028,169.6969696969697,0.9837310329422585
12.337843486662637,188.8888888888889,1.110664069450937
12.339228199801326,162.62626262626264,0.8726646259971648
12.342199256382685,165.65656565656565,0.936131144251504
12.347094913764565,192.92929292929296,1.1265306990145219
12.348647815889475,182.82828282828285,1.0789308103237674
12.353444740788085,185.85858585858585,1.0947974398873521
12.356441668327582,162.62626262626264,0.7615982190520711
12.361784132129543,196.96969696969697,1.1423973285781066
12.36502659665891,177.77777777777777,1.0471975511965979
12.377847942881155,162.62626262626264,0.85679799643358
12.390503168046,164.64646464646466,0.9043978851243344
12.390838751083642,175.75757575757575,1.0313309216330129
12.39476614459383,163.63636363636363,0.8885312555607496
12.396985736366876,171.7171717171717,0.9995976625058433
12.397110343030933,168.6868686868687,0.9678644033786736
12.401415389383494,173.73737373737373,1.0154642920694281
12.403151293812925,167.67676767676767,0.9519977738150889
12.407145910615563,162.62626262626264,0.8409313668699951
12.407607369653746,180.80808080808083,1.0630641807601826
12.415189380744033,189.8989898989899,1.110664069450937
12.422109817029467,165.65656565656565,0.9202645146879193
12.422171149708229,193.93939393939394,1.1265306990145219
12.427169452495823,162.62626262626264,0.8250647373064104
12.430220617789615,170.70707070707073,0.9837310329422585
12.43036554570214,183.83838383838383,1.0789308103237674
12.432037646226533,162.62626262626264,0.7774648486156559
12.432991851502324,186.8686868686869,1.0947974398873521
12.434453197785317,197.97979797979798,1.1423973285781066
12.437963971558489,162.62626262626264,0.8091981077428255
12.439572894752263,162.62626262626264,0.7933314781792408
12.440867551783905,166.66666666666669,0.936131144251504
12.444262155445047,163.63636363636363,0.8726646259971648
12.448766063797372,172.72727272727275,0.9995976625058433
12.450854374656883,178.7878787878788,1.0471975511965979
12.471388959759711,163.63636363636363,0.7615982190520711
12.478610091001926,176.7676767676768,1.0313309216330129
12.48436187684719,163.63636363636363,0.85679799643358
12.491098853000056,174.74747474747477,1.0154642920694281
12.49132937304147,181.8181818181818,1.0630641807601826
12.492296455153628,169.6969696969697,0.9678644033786736
12.492388090942947,190.90909090909093,1.110664069450937
12.492410092643736,165.65656565656565,0.9043978851243344
12.497096042331913,194.94949494949498,1.1265306990145219
12.49822042922333,164.64646464646466,0.8885312555607496
12.50008477288648,168.6868686868687,0.9519977738150889
12.506965725832382,198.989898989899,1.1423973285781066
12.511945172425946,184.84848484848487,1.0789308103237674
12.512395951168482,187.87878787878788,1.0947974398873521
12.5151148902587,163.63636363636363,0.8409313668699951
12.522368342245159,166.66666666666669,0.9202645146879193
12.52359682859991,171.7171717171717,0.9837310329422585
12.536552975045208,179.7979797979798,1.0471975511965979
12.536568869133175,163.63636363636363,0.8250647373064104
12.53871335212372,191.91919191919192,1.110664069450937
12.539443163743718,167.67676767676767,0.936131144251504
12.540296011579537,173.73737373737373,0.9995976625058433
12.545584054964701,163.63636363636363,0.7774648486156559
12.548769546471824,163.63636363636363,0.8091981077428255
12.549224799587074,164.64646464646466,0.8726646259971648
12.551353961324844,200.0,1.1423973285781066
12.551760685794816,163.63636363636363,0.7933314781792408
12.566256043729464,177.77777777777777,1.0313309216330129
12.571867062424776,195.95959595959596,1.1265306990145219
12.574915859745952,182.82828282828285,1.0630641807601826
12.580661290378861,175.75757575757575,1.0154642920694281
12.586297270128107,164.64646464646466,0.7615982190520711
12.587377023099299,170.70707070707073,0.9678644033786736
12.590807869495327,164.64646464646466,0.85679799643358
12.591654242051913,188.8888888888889,1.0947974398873521
12.593383753251272,185.85858585858585,1.0789308103237674
12.59423337368016,166.66666666666669,0.9043978851243344
12.596918169527298,169.6969696969697,0.9519977738150889
12.60157132058684,164.64646464646466,0.7774648486156559
12.601595412909292,165.65656565656565,0.8885312555607496
12.615720070120165,192.92929292929296,1.110664069450937
12.616861360362376,172.72727272727275,0.9837310329422585
12.622119167424726,180.80808080808083,1.0471975511965979
12.622536263825772,167.67676767676767,0.9202645146879193
12.623019538539289,164.64646464646466,0.8409313668699951
12.631688194201068,176.7676767676768,1.0154642920694281
12.63170878221335,174.74747474747477,0.9995976625058433
12.63792175173558,168.6868686868687,0.936131144251504
12.63879064861067,189.8989898989899,1.0947974398873521
12.640199903751856,171.7171717171717,0.9678644033786736
12.645907803823441,164.64646464646466,0.8250647373064104
12.646481704821307,196.96969696969697,1.1265306990145219
12.653773239102922,178.7878787878788,1.0313309216330129
12.654111134014943,165.65656565656565,0.8726646259971648
12.65651826464392,166.66666666666669,0.8885312555607496
12.658363763001327,183.83838383838383,1.0630641807601826
12.659518728200684,164.64646464646466,0.8091981077428255
12.663896411858648,164.64646464646466,0.7933314781792408
12.674678374510023,186.8686868686869,1.0789308103237674
12.678088799422124,165.65656565656565,0.7457315894884863
12.691708870709649,169.6969696969697,0.936131144251504
12.69257359858672,193.93939393939394,1.110664069450937
12.693647331775152,170.70707070707073,0.9519977738150889
12.695968365492341,167.67676767676767,0.9043978851243344
12.697180780781693,165.65656565656565,0.85679799643358
12.701160497591514,165.65656565656565,0.7615982190520711
12.707549754330637,181.8181818181818,1.0471975511965979
12.710010393019324,173.73737373737373,0.9837310329422585
12.715089146397814,165.65656565656565,0.7774648486156559
12.7178580069552,190.90909090909093,1.0947974398873521
12.719836979068308,165.65656565656565,0.7933314781792408
12.7209374882844,197.97979797979798,1.1265306990145219
12.721089704635473,177.77777777777777,1.0154642920694281
12.72260886548634,187.87878787878788,1.0789308103237674
12.722609116463193,168.6868686868687,0.9202645146879193
12.72300071799273,175.75757575757575,0.9995976625058433
12.730854570315831,165.65656565656565,0.8409313668699951
12.73514120540122,172.72727272727275,0.9678644033786736
12.74115834185241,179.7979797979798,1.0313309216330129
12.74167004690085,184.84848484848487,1.0630641807601826
12.75518082293744,165.65656565656565,0.8250647373064104
12.758916218568448,166.66666666666669,0.8726646259971648
12.759795393640163,167.67676767676767,0.8885312555607496
12.766118057282208,198.989898989899,1.1265306990145219
12.769271333093215,194.94949494949498,1.110664069450937
12.770205931106588,165.65656565656565,0.8091981077428255
12.79006146443431,170.70707070707073,0.936131144251504
12.790268153449125,171.7171717171717,0.9519977738150889
12.790376525554917,185.85858585858585,1.0630641807601826
12.791397734511467,180.80808080808083,1.0313309216330129
12.792841570977744,182.82828282828285,1.0471975511965979
12.796773302091195,191.91919191919192,1.0947974398873521
12.797610475278013,168.6868686868687,0.9043978851243344
12.803040147667964,174.74747474747477,0.9837310329422585
12.803475530901498,166.66666666666669,0.85679799643358
12.803714331474264,188.8888888888889,1.0789308103237674
12.81036218046048,178.7878787878788,1.0154642920694281
12.81407147206408,167.67676767676767,0.8726646259971648
12.81416820006379,176.7676767676768,0.9995976625058433
12.815972615297182,166.66666666666669,0.7615982190520711
12.822582485226125,169.6969696969697,0.9202645146879193
12.826058567949733,166.66666666666669,0.8091981077428255
12.828551315834556,166.66666666666669,0.7774648486156559
12.829967808211833,173.73737373737373,0.9678644033786736
12.831926694586608,166.66666666666669,0.7933314781792408
12.83861476293449,166.66666666666669,0.8409313668699951
12.84036871214639,200.0,1.1265306990145219
12.84230485439964,183.83838383838383,1.0471975511965979
12.84581069448143,195.95959595959596,1.110664069450937
12.850118427319275,167.67676767676767,0.7457315894884863
12.862982058038288,168.6868686868687,0.8885312555607496
12.864382557647124,166.66666666666669,0.8250647373064104
12.87349617864158,186.8686868686869,1.0630641807601826
12.875533824935879,192.92929292929296,1.0947974398873521
12.878607818260935,181.8181818181818,1.0313309216330129
12.884669319054195,189.8989898989899,1.0789308103237674
12.886776573709547,172.72727272727275,0.9519977738150889
12.888307140155883,171.7171717171717,0.936131144251504
12.891811897079773,196.96969696969697,1.110664069450937
12.895946886186003,175.75757575757575,0.9837310329422585
12.899155162564519,169.6969696969697,0.9043978851243344
12.899502190992312,179.7979797979798,1.0154642920694281
12.90520764808391,177.77777777777777,0.9995976625058433
12.909687099665762,167.67676767676767,0.85679799643358
12.918778297524469,168.6868686868687,0.8726646259971648
12.920107351656199,167.67676767676767,0.8250647373064104
12.92245200506075,170.70707070707073,0.9202645146879193
12.924675825108126,174.74747474747477,0.9678644033786736
12.927413343290906,184.84848484848487,1.0471975511965979
12.930727670579389,167.67676767676767,0.7615982190520711
12.936683428099544,167.67676767676767,0.8091981077428255
12.941952035550125,167.67676767676767,0.7774648486156559
12.943950802093672,167.67676767676767,0.7933314781792408
12.946294955577873,167.67676767676767,0.8409313668699951
12.948037263399797,176.7676767676768,0.9837310329422585
12.95413689310046,193.93939393939394,1.0947974398873521
12.95646741263727,187.87878787878788,1.0630641807601826
12.965051786732545,168.6868686868687,0.85679799643358
12.96547100883246,190.90909090909093,1.0789308103237674
12.965678314976234,182.82828282828285,1.0313309216330129
12.966073589075231,169.6969696969697,0.8885312555607496
12.966230630375101,168.6868686868687,0.7457315894884863
12.968145968126555,197.97979797979798,1.110664069450937
12.976525278131431,171.7171717171717,0.9202645146879193
12.983168576625802,173.73737373737373,0.9519977738150889
12.98644172145811,172.72727272727275,0.936131144251504
12.986624163392658,168.6868686868687,0.7615982190520711
12.988506341612283,180.80808080808083,1.0154642920694281
12.996115519886269,178.7878787878788,0.9995976625058433
13.000597938683644,170.70707070707073,0.9043978851243344
13.001853241460859,168.6868686868687,0.8409313668699951
13.012375963921968,185.85858585858585,1.0471975511965979
13.019261411444221,175.75757575757575,0.9678644033786736
13.0233925051979,169.6969696969697,0.8726646259971648
13.029231467351817,168.6868686868687,0.8250647373064104
13.032579850734717,194.94949494949498,1.0947974398873521
13.036292342832333,174.74747474747477,0.9519977738150889
13.039287291887815,188.8888888888889,1.0630641807601826
13.040781781162474,177.77777777777777,0.9837310329422585
13.044315899429044,198.989898989899,1.110664069450937
13.04611660961541,191.91919191919192,1.0789308103237674
13.047233330653489,168.6868686868687,0.8091981077428255
13.052606003816736,183.83838383838383,1.0313309216330129
13.055285583027047,168.6868686868687,0.7774648486156559
13.055903732055064,168.6868686868687,0.7933314781792408
13.06906537177094,170.70707070707073,0.8885312555607496
13.071164816638165,169.6969696969697,0.85679799643358
13.076261606298857,172.72727272727275,0.9202645146879193
13.07737127346835,181.8181818181818,1.0154642920694281
13.079341990865316,195.95959595959596,1.0947974398873521
13.082281980350961,169.6969696969697,0.7457315894884863
13.084461078602766,173.73737373737373,0.936131144251504
13.08688831114999,179.7979797979798,0.9995976625058433
13.097189658115402,186.8686868686869,1.0471975511965979
13.101333476296055,169.6969696969697,0.7615982190520711
13.101934366252955,171.7171717171717,0.9043978851243344
13.109441557783425,169.6969696969697,0.8409313668699951
13.113720764613182,176.7676767676768,0.9678644033786736
13.12031919250185,200.0,1.110664069450937
13.121952910535107,189.8989898989899,1.0630641807601826
13.126603358231748,192.92929292929296,1.0789308103237674
13.127909351004948,170.70707070707073,0.8726646259971648
13.132532423569575,175.75757575757575,0.9519977738150889
13.13339483387285,178.7878787878788,0.9837310329422585
13.1382380897051,180.80808080808083,0.9995976625058433
13.138271859514058,169.6969696969697,0.8250647373064104
13.139387697483167,184.84848484848487,1.0313309216330129
13.156295074509485,172.72727272727275,0.9043978851243344
13.157576801350357,196.96969696969697,1.0947974398873521
13.157702920673897,169.6969696969697,0.8091981077428255
13.166093663181627,182.82828282828285,1.0154642920694281
13.16777998255348,169.6969696969697,0.7933314781792408
13.16854630581689,169.6969696969697,0.7774648486156559
13.171952844383288,171.7171717171717,0.8885312555607496
13.174155094850324,193.93939393939394,1.0789308103237674
13.175884124473878,173.73737373737373,0.9202645146879193
13.17718309352099,170.70707070707073,0.85679799643358
13.181851399181813,187.87878787878788,1.0471975511965979
13.18236112807965,174.74747474747477,0.936131144251504
13.198266549384401,170.70707070707073,0.7457315894884863
13.204461392315336,190.90909090909093,1.0630641807601826
13.20805012366203,177.77777777777777,0.9678644033786736
13.215971806948788,170.70707070707073,0.7615982190520711
13.216711010455423,183.83838383838383,1.0154642920694281
13.216937951156641,170.70707070707073,0.8409313668699951
13.224417942494368,170.70707070707073,0.7774648486156559
13.22587281846257,179.7979797979798,0.9837310329422585
13.226020241958523,185.85858585858585,1.0313309216330129
13.228646970240877,176.7676767676768,0.9519977738150889
13.228832958928594,181.8181818181818,0.9995976625058433
13.232324146109756,171.7171717171717,0.8726646259971648
13.235645561646244,197.97979797979798,1.0947974398873521
13.24722337903836,170.70707070707073,0.8250647373064104
13.25278605417176,191.91919191919192,1.0630641807601826
13.254039380382858,171.7171717171717,0.7457315894884863
13.254434716488646,194.94949494949498,1.0789308103237674
13.257496857167508,173.73737373737373,0.9043978851243344
13.26049198361469,178.7878787878788,0.9678644033786736
13.266358191692484,188.8888888888889,1.0471975511965979
13.268086907768428,170.70707070707073,0.8091981077428255
13.274731497869581,172.72727272727275,0.8885312555607496
13.275388634712522,174.74747474747477,0.9202645146879193
13.275880216431943,186.8686868686869,1.0313309216330129
13.279574118564865,170.70707070707073,0.7933314781792408
13.280137832162936,175.75757575757575,0.936131144251504
13.28310179862355,171.7171717171717,0.85679799643358
13.305245882040325,184.84848484848487,1.0154642920694281
13.313545700884859,198.989898989899,1.0947974398873521
13.315438094477251,189.8989898989899,1.0471975511965979
13.318212170897183,180.80808080808083,0.9837310329422585
13.3192848497796,182.82828282828285,0.9995976625058433
13.324337469972615,171.7171717171717,0.8409313668699951
13.324632116457105,177.77777777777777,0.9519977738150889
13.329356659456646,173.73737373737373,0.8885312555607496
13.330533455280069,171.7171717171717,0.7615982190520711
13.333568628394044,176.7676767676768,0.936131144251504
13.334549303457777,195.95959595959596,1.0789308103237674
13.33508912020733,192.92929292929296,1.0630641807601826
13.335363736110516,171.7171717171717,0.7933314781792408
13.336632256354617,172.72727272727275,0.8726646259971648
13.337608317430657,171.7171717171717,0.7774648486156559
13.344376928114459,172.72727272727275,0.7298649599249014
13.354651369383198,179.7979797979798,0.9678644033786736
13.356080938429795,171.7171717171717,0.8250647373064104
13.358582148270454,174.74747474747477,0.9043978851243344
13.362316914933537,187.87878787878788,1.0313309216330129
13.36996905263156,172.72727272727275,0.7457315894884863
13.374770986619755,175.75757575757575,0.9202645146879193
13.378380065403029,171.7171717171717,0.8091981077428255
13.388916169900572,172.72727272727275,0.85679799643358
13.391274674009946,200.0,1.0947974398873521
13.393630737649506,185.85858585858585,1.0154642920694281
13.399741901879937,190.90909090909093,1.0471975511965979
13.409590382513214,183.83838383838383,0.9995976625058433
13.410409365836093,181.8181818181818,0.9837310329422585
13.414496182690458,196.96969696969697,1.0789308103237674
13.417228608994058,193.93939393939394,1.0630641807601826
13.420484038724174,178.7878787878788,0.9519977738150889
13.431185928647809,177.77777777777777,0.936131144251504
13.431635221428328,172.72727272727275,0.8409313668699951
13.43199935036933,174.74747474747477,0.8885312555607496
13.434048988984722,172.72727272727275,0.8091981077428255
13.44082910170103,173.73737373737373,0.8726646259971648
13.445012791687592,172.72727272727275,0.7615982190520711
13.447072004833897,172.72727272727275,0.7933314781792408
13.448597384268105,188.8888888888889,1.0313309216330129
13.44867225073351,180.80808080808083,0.9678644033786736
13.450712695261926,172.72727272727275,0.7774648486156559
13.45954668236003,175.75757575757575,0.9043978851243344
13.462130798144925,182.82828282828285,0.9837310329422585
13.464839511152348,172.72727272727275,0.8250647373064104
13.474027076887783,176.7676767676768,0.9202645146879193
13.481862370085992,186.8686868686869,1.0154642920694281
13.483884046617678,191.91919191919192,1.0471975511965979
13.48581806447483,173.73737373737373,0.7457315894884863
13.494272708311351,197.97979797979798,1.0789308103237674
13.494621501432729,173.73737373737373,0.85679799643358
13.495696123120448,174.74747474747477,0.8726646259971648
13.499201739818199,194.94949494949498,1.0630641807601826
13.499746213693058,184.84848484848487,0.9995976625058433
13.50077957123215,173.73737373737373,0.7615982190520711
13.51619895604744,179.7979797979798,0.9519977738150889
13.517200426783367,174.74747474747477,0.7298649599249014
13.520350284767474,173.73737373737373,0.8250647373064104
13.527773278497648,177.77777777777777,0.9202645146879193
13.528670706602806,178.7878787878788,0.936131144251504
13.534522897918853,175.75757575757575,0.8885312555607496
13.534718578870008,189.8989898989899,1.0313309216330129
13.538826370910867,173.73737373737373,0.8409313668699951
13.541481926514326,198.989898989899,1.0789308103237674
13.5425510046165,181.8181818181818,0.9678644033786736
13.544241767309284,173.73737373737373,0.8091981077428255
13.549726511530231,174.74747474747477,0.85679799643358
13.55414205765043,183.83838383838383,0.9837310329422585
13.558685529764748,173.73737373737373,0.7933314781792408
13.560386242850312,176.7676767676768,0.9043978851243344
13.56372566146307,173.73737373737373,0.7774648486156559
13.56786163460291,192.92929292929296,1.0471975511965979
13.568968389246587,180.80808080808083,0.9519977738150889
13.569937606259101,187.87878787878788,1.0154642920694281
13.581005760619279,195.95959595959596,1.0630641807601826
13.589749035893353,185.85858585858585,0.9995976625058433
13.594142690833598,174.74747474747477,0.8409313668699951
13.59975581752269,175.75757575757575,0.8726646259971648
13.601580741933228,174.74747474747477,0.7457315894884863
13.615179582624158,174.74747474747477,0.7615982190520711
13.620677485248498,190.90909090909093,1.0313309216330129
13.621037600756956,200.0,1.0789308103237674
13.6260190769274,179.7979797979798,0.936131144251504
13.626867776844843,178.7878787878788,0.9202645146879193
13.628983977321734,196.96969696969697,1.0630641807601826
13.628994937916506,174.74747474747477,0.8250647373064104
13.634324112354017,175.75757575757575,0.7298649599249014
13.636284047846587,182.82828282828285,0.9678644033786736
13.636922969822523,176.7676767676768,0.8885312555607496
13.640715823301901,186.8686868686869,0.9995976625058433
13.646003205234415,184.84848484848487,0.9837310329422585
13.651671801949522,193.93939393939394,1.0471975511965979
13.654331606089215,174.74747474747477,0.8091981077428255
13.655299794385254,175.75757575757575,0.85679799643358
13.657853306920702,188.8888888888889,1.0154642920694281
13.66109666154772,177.77777777777777,0.9043978851243344
13.664505609631924,181.8181818181818,0.9519977738150889
13.670189471203186,191.91919191919192,1.0313309216330129
13.670199102562398,174.74747474747477,0.7933314781792408
13.676641868057164,174.74747474747477,0.7774648486156559
13.700402467215676,194.94949494949498,1.0471975511965979
13.701207318885544,175.75757575757575,0.8409313668699951
13.70369374224862,176.7676767676768,0.8726646259971648
13.70808083232018,189.8989898989899,1.0154642920694281
13.710568255075824,197.97979797979798,1.0630641807601826
13.715135533846544,178.7878787878788,0.9043978851243344
13.7172514818596,175.75757575757575,0.7457315894884863
13.723227198013179,180.80808080808083,0.936131144251504
13.725826672213312,179.7979797979798,0.9202645146879193
13.729484146055725,175.75757575757575,0.7615982190520711
13.729867836752145,183.83838383838383,0.9678644033786736
13.730518666910468,187.87878787878788,0.9995976625058433
13.73234725240639,175.75757575757575,0.7774648486156559
13.737528990782813,175.75757575757575,0.8250647373064104
13.737710842903208,185.85858585858585,0.9837310329422585
13.739195283996994,177.77777777777777,0.8885312555607496
13.751357315756213,176.7676767676768,0.7298649599249014
13.75593668313262,192.92929292929296,1.0313309216330129
13.759897259221887,182.82828282828285,0.9519977738150889
13.760753219750525,176.7676767676768,0.85679799643358
13.764313494728972,175.75757575757575,0.8091981077428255
13.772899382028191,176.7676767676768,0.7457315894884863
13.781607578430418,175.75757575757575,0.7933314781792408
13.781936702136688,184.84848484848487,0.9678644033786736
13.78399467450676,195.95959595959596,1.0471975511965979
13.79197725909916,198.989898989899,1.0630641807601826
13.795788223045813,190.90909090909093,1.0154642920694281
13.807505498880166,177.77777777777777,0.8726646259971648
13.808154206154468,176.7676767676768,0.8409313668699951
13.815682313930132,179.7979797979798,0.9043978851243344
13.820161056862974,188.8888888888889,0.9995976625058433
13.820291271568648,181.8181818181818,0.936131144251504
13.824646018139626,180.80808080808083,0.9202645146879193
13.829261609778593,186.8686868686869,0.9837310329422585
13.83720509224658,176.7676767676768,0.7933314781792408
13.841335608059172,178.7878787878788,0.8885312555607496
13.841514844879287,193.93939393939394,1.0313309216330129
13.843687871025375,176.7676767676768,0.7615982190520711
13.845161509203606,176.7676767676768,0.7774648486156559
13.845947622503061,176.7676767676768,0.8250647373064104
13.855139697686655,183.83838383838383,0.9519977738150889
13.866082270349404,177.77777777777777,0.85679799643358
13.86741304214867,196.96969696969697,1.0471975511965979
13.868294392739058,177.77777777777777,0.7298649599249014
13.873208329409453,200.0,1.0630641807601826
13.873365075737869,182.82828282828285,0.936131144251504
13.874182483313168,176.7676767676768,0.8091981077428255
13.87532658887549,185.85858585858585,0.9678644033786736
13.883329024752523,191.91919191919192,1.0154642920694281
13.888481681143553,177.77777777777777,0.7457315894884863
13.895644812403466,179.7979797979798,0.8885312555607496
13.899290402214069,177.77777777777777,0.7615982190520711
13.909639803537686,189.8989898989899,0.9995976625058433
13.911186740529702,178.7878787878788,0.8726646259971648
13.914978713895865,177.77777777777777,0.8409313668699951
13.916090447251428,180.80808080808083,0.9043978851243344
13.920652181790516,187.87878787878788,0.9837310329422585
13.92332191310709,181.8181818181818,0.9202645146879193
13.923798159244342,178.7878787878788,0.7298649599249014
13.926921046955771,194.94949494949498,1.0313309216330129
13.929635405966454,177.77777777777777,0.8091981077428255
13.948497544319489,177.77777777777777,0.7933314781792408
13.950229325361793,184.84848484848487,0.9519977738150889
13.950654803694011,197.97979797979798,1.0471975511965979
13.954246070163725,177.77777777777777,0.8250647373064104
13.957866569913767,177.77777777777777,0.7774648486156559
13.96577117724853,179.7979797979798,0.8726646259971648
13.968559215864648,186.8686868686869,0.9678644033786736
13.970243755185649,183.83838383838383,0.936131144251504
13.970700208356646,192.92929292929296,1.0154642920694281
13.971282482317045,178.7878787878788,0.85679799643358
13.971985577330733,188.8888888888889,0.9837310329422585
13.997619585981724,180.80808080808083,0.8885312555607496
13.998951751942128,190.90909090909093,0.9995976625058433
13.999078911175475,198.989898989899,1.0471975511965979
14.003958950328798,178.7878787878788,0.7457315894884863
14.009518823557059,178.7878787878788,0.8250647373064104
14.012152410852966,195.95959595959596,1.0313309216330129
14.013390465124239,178.7878787878788,0.7615982190520711
14.016355926923199,181.8181818181818,0.9043978851243344
14.020618960041286,193.93939393939394,1.0154642920694281
14.021676258712613,178.7878787878788,0.8409313668699951
14.021850500122556,182.82828282828285,0.9202645146879193
14.02611658398,179.7979797979798,0.85679799643358
14.039375236502336,178.7878787878788,0.8091981077428255
14.04064518480141,179.7979797979798,0.7298649599249014
14.045162582888379,185.85858585858585,0.9519977738150889
14.049565523595941,191.91919191919192,0.9995976625058433
14.059672969664977,178.7878787878788,0.7933314781792408
14.061308832037788,196.96969696969697,1.0313309216330129
14.061631169460787,187.87878787878788,0.9678644033786736
14.063167960102424,189.8989898989899,0.9837310329422585
14.066969771435916,184.84848484848487,0.936131144251504
14.069290740201643,180.80808080808083,0.8726646259971648
14.070457311714453,178.7878787878788,0.7774648486156559
14.075243131861365,183.83838383838383,0.9202645146879193
14.07673434527468,179.7979797979798,0.8409313668699951
14.082091877802773,200.0,1.0471975511965979
14.097555387013863,186.8686868686869,0.9519977738150889
14.099452701646793,181.8181818181818,0.8885312555607496
14.107769830396405,194.94949494949498,1.0154642920694281
14.11647479222898,182.82828282828285,0.9043978851243344
14.117675886040875,179.7979797979798,0.8250647373064104
14.119325826617512,179.7979797979798,0.7457315894884863
14.12597279991816,179.7979797979798,0.7774648486156559
14.127377130501355,179.7979797979798,0.7615982190520711
14.131159388530504,180.80808080808083,0.85679799643358
14.138660735791223,192.92929292929296,0.9995976625058433
14.146313390121136,197.97979797979798,1.0313309216330129
14.148990721554945,179.7979797979798,0.8091981077428255
14.154182656851644,190.90909090909093,0.9837310329422585
14.154539073914655,188.8888888888889,0.9678644033786736
14.157382869466977,180.80808080808083,0.7298649599249014
14.163539469534442,185.85858585858585,0.936131144251504
14.170199224092707,183.83838383838383,0.9043978851243344
14.170726438017788,179.7979797979798,0.7933314781792408
14.172669837161607,181.8181818181818,0.8726646259971648
14.173583602329101,184.84848484848487,0.9202645146879193
14.174813505102666,180.80808080808083,0.7457315894884863
14.183279154452348,180.80808080808083,0.8409313668699951
14.185902956757632,181.8181818181818,0.7139983303613167
14.192286819453537,187.87878787878788,0.9519977738150889
14.194744277903574,195.95959595959596,1.0154642920694281
14.20114009279811,182.82828282828285,0.8885312555607496
14.206259974345965,189.8989898989899,0.9678644033786736
14.225701782191633,180.80808080808083,0.8250647373064104
14.226115953810782,180.80808080808083,0.7933314781792408
14.227582052435126,193.93939393939394,0.9995976625058433
14.231136651114182,198.989898989899,1.0313309216330129
14.236063113017629,181.8181818181818,0.85679799643358
14.238438703788596,180.80808080808083,0.7774648486156559
14.24124523671626,180.80808080808083,0.7615982190520711
14.245026463923168,191.91919191919192,0.9837310329422585
14.258477115608887,180.80808080808083,0.8091981077428255
14.259949235966017,186.8686868686869,0.936131144251504
14.270132493674542,184.84848484848487,0.9043978851243344
14.27176800166219,185.85858585858585,0.9202645146879193
14.274005813082326,181.8181818181818,0.7298649599249014
14.275904293421249,182.82828282828285,0.8726646259971648
14.281539380054676,196.96969696969697,1.0154642920694281
14.286853830829914,188.8888888888889,0.9519977738150889
14.289686461404383,181.8181818181818,0.8409313668699951
14.290067630388604,181.8181818181818,0.7457315894884863
14.296049351518402,192.92929292929296,0.9837310329422585
14.298955820486333,190.90909090909093,0.9678644033786736
14.302677740231056,183.83838383838383,0.8885312555607496
14.303888772115997,182.82828282828285,0.7139983303613167
14.312684753701227,187.87878787878788,0.936131144251504
14.31577583648805,200.0,1.0313309216330129
14.316326431275368,194.94949494949498,0.9995976625058433
14.32935959305097,182.82828282828285,0.7298649599249014
14.333591943837074,181.8181818181818,0.8250647373064104
14.337031566000382,181.8181818181818,0.7933314781792408
14.340823472337965,182.82828282828285,0.85679799643358
14.350778393448525,181.8181818181818,0.7774648486156559
14.354989686316383,181.8181818181818,0.7615982190520711
14.356676358434159,184.84848484848487,0.8885312555607496
14.359082425577594,183.83838383838383,0.7139983303613167
14.366627429173786,195.95959595959596,0.9995976625058433
14.367829730816503,181.8181818181818,0.8091981077428255
14.368152246068348,197.97979797979798,1.0154642920694281
14.36979262032488,186.8686868686869,0.9202645146879193
14.369910131577992,185.85858585858585,0.9043978851243344
14.378989983380228,183.83838383838383,0.8726646259971648
14.381252994404592,189.8989898989899,0.9519977738150889
14.386672119607177,193.93939393939394,0.9837310329422585
14.388624762583213,182.82828282828285,0.8250647373064104
14.391479998593013,191.91919191919192,0.9678644033786736
14.3953950266146,183.83838383838383,0.85679799643358
14.39595186826846,182.82828282828285,0.8409313668699951
14.405198849482824,182.82828282828285,0.7457315894884863
14.40888942739327,188.8888888888889,0.936131144251504
14.410408616431788,182.82828282828285,0.7615982190520711
14.417709566936939,198.989898989899,1.0154642920694281
14.42288890664156,187.87878787878788,0.9202645146879193
14.42304178838948,182.82828282828285,0.8091981077428255
14.43327331234209,184.84848484848487,0.8726646259971648
14.433339050441012,190.90909090909093,0.9519977738150889
14.44586786594683,183.83838383838383,0.7298649599249014
14.447813805472233,182.82828282828285,0.7933314781792408
14.450756078884021,183.83838383838383,0.8409313668699951
14.455142962318718,196.96969696969697,0.9995976625058433
14.458026054538388,185.85858585858585,0.8885312555607496
14.460510824591395,183.83838383838383,0.7457315894884863
14.462986961604525,182.82828282828285,0.7774648486156559
14.4695283302907,186.8686868686869,0.9043978851243344
14.476959047289533,184.84848484848487,0.7139983303613167
14.477116781188553,194.94949494949498,0.9837310329422585
14.483829257021753,192.92929292929296,0.9678644033786736
14.496353670281643,183.83838383838383,0.8250647373064104
14.499979644709956,184.84848484848487,0.85679799643358
14.504086881767886,200.0,1.0154642920694281
14.504925983022664,189.8989898989899,0.936131144251504
14.518298048175646,183.83838383838383,0.7774648486156559
14.520710065456617,188.8888888888889,0.9202645146879193
14.52401929989729,183.83838383838383,0.7615982190520711
14.527522447620267,191.91919191919192,0.9519977738150889
14.532238149484243,183.83838383838383,0.8091981077428255
14.535238925836875,193.93939393939394,0.9678644033786736
14.53617417513702,185.85858585858585,0.8726646259971648
14.543474715117656,197.97979797979798,0.9995976625058433
14.556849793624522,184.84848484848487,0.8409313668699951
14.558457947362767,183.83838383838383,0.7933314781792408
14.55921684083109,186.8686868686869,0.8885312555607496
14.56224877205683,184.84848484848487,0.7298649599249014
14.56738024887383,195.95959595959596,0.9837310329422585
14.568983326409109,187.87878787878788,0.9043978851243344
14.575513115159627,184.84848484848487,0.7457315894884863
14.59470898615194,185.85858585858585,0.7139983303613167
14.600790943559197,190.90909090909093,0.936131144251504
14.60393632469146,184.84848484848487,0.8250647373064104
14.604411079012284,185.85858585858585,0.85679799643358
14.613626188203103,184.84848484848487,0.7933314781792408
14.617434160109228,185.85858585858585,0.7298649599249014
14.618088867226598,196.96969696969697,0.9837310329422585
14.618363023386589,189.8989898989899,0.9202645146879193
14.621530251232553,192.92929292929296,0.9519977738150889
14.622378218562023,188.8888888888889,0.9043978851243344
14.627363010323151,194.94949494949498,0.9678644033786736
14.630359957211954,184.84848484848487,0.7774648486156559
14.631619754376302,198.989898989899,0.9995976625058433
14.637494472855211,184.84848484848487,0.7615982190520711
14.638916842857327,186.8686868686869,0.8726646259971648
14.641289912586995,184.84848484848487,0.8091981077428255
14.64974578713067,186.8686868686869,0.7139983303613167
14.653220228363626,191.91919191919192,0.936131144251504
14.66024485550576,187.87878787878788,0.8885312555607496
14.662791508905114,185.85858585858585,0.8409313668699951
14.6816047765898,200.0,0.9995976625058433
14.690380381114982,185.85858585858585,0.7457315894884863
14.692721145555346,185.85858585858585,0.7615982190520711
14.696281398988365,185.85858585858585,0.8091981077428255
14.708118939827008,197.97979797979798,0.9837310329422585
14.708685215835313,186.8686868686869,0.85679799643358
14.711368344220663,185.85858585858585,0.8250647373064104
14.71395459459302,188.8888888888889,0.8885312555607496
14.715359162326738,193.93939393939394,0.9519977738150889
14.715844212684209,190.90909090909093,0.9202645146879193
14.719304839587334,195.95959595959596,0.9678644033786736
14.721626858781542,189.8989898989899,0.9043978851243344
14.724111650267997,185.85858585858585,0.7933314781792408
14.733684001042237,186.8686868686869,0.7298649599249014
14.74149735327808,187.87878787878788,0.8726646259971648
14.742279365528002,185.85858585858585,0.7774648486156559
14.748865868145758,192.92929292929296,0.936131144251504
14.766150202449136,186.8686868686869,0.8250647373064104
14.767133711480028,194.94949494949498,0.9519977738150889
14.767369680535024,187.87878787878788,0.7139983303613167
14.768577004705692,186.8686868686869,0.8409313668699951
14.768638062478173,191.91919191919192,0.9202645146879193
14.795498104694744,188.8888888888889,0.8726646259971648
14.797960865032312,198.989898989899,0.9837310329422585
14.805107646678277,186.8686868686869,0.7457315894884863
14.805163303670936,186.8686868686869,0.8091981077428255
14.806047356738922,186.8686868686869,0.7615982190520711
14.811061281765998,196.96969696969697,0.9678644033786736
14.812797990464471,187.87878787878788,0.85679799643358
14.814778472928692,189.8989898989899,0.8885312555607496
14.820703739690591,190.90909090909093,0.9043978851243344
14.823117340663213,187.87878787878788,0.8409313668699951
14.834448089260528,186.8686868686869,0.7933314781792408
14.844332041073107,193.93939393939394,0.936131144251504
14.849794250912513,187.87878787878788,0.7298649599249014
14.854051572141355,186.8686868686869,0.7774648486156559
14.860233274392712,187.87878787878788,0.7457315894884863
14.86073347400399,195.95959595959596,0.9519977738150889
14.862155641603561,197.97979797979798,0.9678644033786736
14.865901089029261,192.92929292929296,0.9202645146879193
14.867065837351912,188.8888888888889,0.85679799643358
14.873401998959801,187.87878787878788,0.8250647373064104
14.88485440036346,188.8888888888889,0.7139983303613167
14.887611667871772,200.0,0.9837310329422585
14.897877059844658,189.8989898989899,0.8726646259971648
14.90480486077151,188.8888888888889,0.7298649599249014
14.909144754368098,187.87878787878788,0.7774648486156559
14.91025096585643,189.8989898989899,0.6981317007977318
14.913890118718063,187.87878787878788,0.8091981077428255
14.915430781362769,190.90909090909093,0.8885312555607496
14.919226573422796,187.87878787878788,0.7615982190520711
14.919605243594683,191.91919191919192,0.9043978851243344
14.92871303665693,188.8888888888889,0.8409313668699951
14.93961540157862,194.94949494949498,0.936131144251504
14.944630977003962,187.87878787878788,0.7933314781792408
14.953674306392598,198.989898989899,0.9678644033786736
14.954146890609824,196.96969696969697,0.9519977738150889
14.962984254730053,193.93939393939394,0.9202645146879193
14.964964063036406,190.90909090909093,0.6981317007977318
14.97097999882085,189.8989898989899,0.85679799643358
14.97269916289948,192.92929292929296,0.9043978851243344
14.974809223822442,188.8888888888889,0.7457315894884863
14.98049308392357,188.8888888888889,0.8250647373064104
14.99173333612036,195.95959595959596,0.936131144251504
14.99956559483312,188.8888888888889,0.7933314781792408
15.00008481183698,190.90909090909093,0.8726646259971648
15.002194845975973,189.8989898989899,0.7139983303613167
15.015907809303222,191.91919191919192,0.8885312555607496
15.020749492543992,188.8888888888889,0.7774648486156559
15.020768212162135,189.8989898989899,0.7298649599249014
15.02245748190984,188.8888888888889,0.8091981077428255
15.032254062613731,188.8888888888889,0.7615982190520711
15.034142833554064,189.8989898989899,0.8409313668699951
15.045000520466358,200.0,0.9678644033786736
15.047370785631108,197.97979797979798,0.9519977738150889
15.057069896930255,190.90909090909093,0.7139983303613167
15.059884128315817,194.94949494949498,0.9202645146879193
15.06932157281035,192.92929292929296,0.8885312555607496
15.071379314523975,193.93939393939394,0.9043978851243344
15.074723498482433,190.90909090909093,0.85679799643358
15.077200931117853,189.8989898989899,0.8091981077428255
15.08367818105508,191.91919191919192,0.6981317007977318
15.08678372660344,196.96969696969697,0.936131144251504
15.087271252605762,189.8989898989899,0.7615982190520711
15.087419254583706,189.8989898989899,0.8250647373064104
15.089233587899122,189.8989898989899,0.7457315894884863
15.098829424475221,198.989898989899,0.9519977738150889
15.102117555319316,191.91919191919192,0.8726646259971648
15.109569935392758,189.8989898989899,0.7933314781792408
15.112369908582373,195.95959595959596,0.9202645146879193
15.128742857311536,191.91919191919192,0.85679799643358
15.132196141910429,189.8989898989899,0.7774648486156559
15.13658013575017,190.90909090909093,0.7298649599249014
15.139402681895925,190.90909090909093,0.8409313668699951
15.14193991571527,190.90909090909093,0.8250647373064104
15.144168164501526,190.90909090909093,0.7457315894884863
15.155828008215524,192.92929292929296,0.8726646259971648
15.169578972212266,193.93939393939394,0.8885312555607496
15.169875870078911,194.94949494949498,0.9043978851243344
15.174261034321008,191.91919191919192,0.7139983303613167
15.181643734288928,197.97979797979798,0.936131144251504
15.185579465427118,190.90909090909093,0.8091981077428255
15.187077524910775,190.90909090909093,0.7774648486156559
15.191811319535738,200.0,0.9519977738150889
15.193669868144298,191.91919191919192,0.8409313668699951
15.200128703040145,190.90909090909093,0.7615982190520711
15.202241191606662,192.92929292929296,0.6981317007977318
15.209037523718997,196.96969696969697,0.9202645146879193
15.21941026674189,190.90909090909093,0.7933314781792408
15.232276342295098,192.92929292929296,0.85679799643358
15.248667746873078,191.91919191919192,0.8250647373064104
15.252235779422149,191.91919191919192,0.7298649599249014
15.256795104359979,193.93939393939394,0.6981317007977318
15.257643193380067,193.93939393939394,0.8726646259971648
15.258426332026248,191.91919191919192,0.7457315894884863
15.268185352075283,195.95959595959596,0.9043978851243344
15.26965264438859,194.94949494949498,0.8885312555607496
15.274123132068521,191.91919191919192,0.7933314781792408
15.27631014038915,198.989898989899,0.936131144251504
15.291295965156399,192.92929292929296,0.7139983303613167
15.29378850037426,191.91919191919192,0.8091981077428255
15.298342905140672,191.91919191919192,0.7774648486156559
15.29872261328122,192.92929292929296,0.8409313668699951
15.30551406854409,197.97979797979798,0.9202645146879193
15.307059664141116,192.92929292929296,0.7298649599249014
15.312823442309094,191.91919191919192,0.7615982190520711
15.320972282177165,196.96969696969697,0.9043978851243344
15.32280638594878,195.95959595959596,0.8885312555607496
15.328111985764348,200.0,0.936131144251504
15.335630135666111,193.93939393939394,0.85679799643358
15.345997041438354,193.93939393939394,0.7139983303613167
15.35522100894006,192.92929292929296,0.8250647373064104
15.359274690025972,194.94949494949498,0.8726646259971648
15.367634860283529,192.92929292929296,0.7615982190520711
15.372521692262627,192.92929292929296,0.7457315894884863
15.375204393699814,194.94949494949498,0.6981317007977318
15.38377175615306,192.92929292929296,0.7933314781792408
15.401796243319055,198.989898989899,0.9202645146879193
15.401823853477906,192.92929292929296,0.8091981077428255
15.40359613095147,193.93939393939394,0.8409313668699951
15.409439643890906,192.92929292929296,0.7774648486156559
15.412728439643946,195.95959595959596,0.8726646259971648
15.419046042762453,197.97979797979798,0.9043978851243344
15.422546505015072,193.93939393939394,0.7298649599249014
15.422650238329274,196.96969696969697,0.8885312555607496
15.427259941624392,193.93939393939394,0.7457315894884863
15.438800446157536,194.94949494949498,0.85679799643358
15.45396873513154,200.0,0.9202645146879193
15.456308797743777,193.93939393939394,0.8091981077428255
15.45761696659358,194.94949494949498,0.8409313668699951
15.461595670669668,193.93939393939394,0.8250647373064104
15.462867176040442,194.94949494949498,0.7139983303613167
15.464104916970143,193.93939393939394,0.7774648486156559
15.480145571719014,193.93939393939394,0.7615982190520711
15.492531455758646,195.95959595959596,0.85679799643358
15.493246230516133,193.93939393939394,0.7933314781792408
15.493450623553983,195.95959595959596,0.6981317007977318
15.514131840425529,196.96969696969697,0.8726646259971648
15.514261272624886,196.96969696969697,0.682265071234147
15.515845625416002,194.94949494949498,0.8250647373064104
15.516924833917836,198.989898989899,0.9043978851243344
15.522302154264247,197.97979797979798,0.8885312555607496
15.5378657529187,194.94949494949498,0.7298649599249014
15.541174726490635,194.94949494949498,0.7457315894884863
15.547838770868191,196.96969696969697,0.6981317007977318
15.562271961845934,195.95959595959596,0.8409313668699951
15.564137207641457,194.94949494949498,0.8091981077428255
15.569446044382376,200.0,0.9043978851243344
15.575007043177184,194.94949494949498,0.7774648486156559
15.579569551931142,195.95959595959596,0.7139983303613167
15.59248292838839,194.94949494949498,0.7615982190520711
15.59249966114064,195.95959595959596,0.7298649599249014
15.595475729164116,196.96969696969697,0.85679799643358
15.602542343916511,194.94949494949498,0.7933314781792408
15.615343120020903,197.97979797979798,0.8726646259971648
15.62175866739263,198.989898989899,0.8885312555607496
15.622004639272667,195.95959595959596,0.8250647373064104
15.634090673069828,196.96969696969697,0.7139983303613167
15.64708399842323,195.95959595959596,0.7615982190520711
15.654915832541384,195.95959595959596,0.7457315894884863
15.657003586947765,195.95959595959596,0.7933314781792408
15.665915691120237,197.97979797979798,0.6981317007977318
15.66673872205801,196.96969696969697,0.8409313668699951
15.67178231201974,195.95959595959596,0.8091981077428255
15.674606623502553,200.0,0.8885312555607496
15.685730298114729,195.95959595959596,0.7774648486156559
15.687940163051424,198.989898989899,0.682265071234147
15.698227858099795,197.97979797979798,0.85679799643358
15.707635542572028,196.96969696969697,0.7298649599249014
15.709452777770116,196.96969696969697,0.7457315894884863
15.716358726342435,198.989898989899,0.8726646259971648
15.72603061847264,196.96969696969697,0.8091981077428255
15.727975800781403,196.96969696969697,0.8250647373064104
15.75061329267019,197.97979797979798,0.7139983303613167
15.75170393687617,198.989898989899,0.85679799643358
15.759223804096974,196.96969696969697,0.7615982190520711
15.766089641197615,196.96969696969697,0.7933314781792408
15.769511393932175,200.0,0.8726646259971648
15.771013472893836,197.97979797979798,0.8409313668699951
15.781981567409462,197.97979797979798,0.8250647373064104
15.783817983061425,198.989898989899,0.6981317007977318
15.796270443770416,196.96969696969697,0.7774648486156559
15.804957730481663,198.989898989899,0.7139983303613167
15.807216069883623,200.0,0.682265071234147
15.822592874142691,197.97979797979798,0.7298649599249014
15.822999411657635,197.97979797979798,0.7457315894884863
15.824747955274166,198.989898989899,0.8409313668699951
15.833456803317423,197.97979797979798,0.8091981077428255
15.838034131255647,200.0,0.6981317007977318
15.850691147716049,197.97979797979798,0.7774648486156559
15.854219471416268,200.0,0.85679799643358
15.871179939710858,197.97979797979798,0.7615982190520711
15.874987625040571,197.97979797979798,0.7933314781792408
15.877031561630693,198.989898989899,0.7298649599249014
15.887725651542441,198.989898989899,0.8250647373064104
15.921292477455966,200.0,0.7139983303613167
15.92556635311447,198.989898989899,0.7615982190520711
15.928788152533402,200.0,0.8409313668699951
15.929217156178167,198.989898989899,0.7933314781792408
15.93636183345244,198.989898989899,0.7457315894884863
15.940690346224379,198.989898989899,0.8091981077428255
15.961018096697673,198.989898989899,0.7774648486156559
15.990692780079339,200.0,0.7457315894884863
15.991791453882302,200.0,0.7298649599249014
15.993272904067352,200.0,0.8250647373064104
15.994699020261363,200.0,0.8091981077428255
16.037311862208345,200.0,0.7615982190520711
16.037892937164447,200.0,0.7933314781792408
16.07115214488059,200.0,0.7774648486156559
